Source_File,Raw_Column,UAMS_Column,Schema_Group
1Summary_statistics_data_from_articles.csv,Article_ID,(unmapped),(unmapped)
1Summary_statistics_data_from_articles.csv,First_author_name,Authors,A. Paper Metadata
1Summary_statistics_data_from_articles.csv,Second_author_name,(unmapped),(unmapped)
1Summary_statistics_data_from_articles.csv,Year_published,(unmapped),(unmapped)
1Summary_statistics_data_from_articles.csv,Journal_title,Journal,A. Paper Metadata
1Summary_statistics_data_from_articles.csv,Title_of_article,Title,A. Paper Metadata
1Summary_statistics_data_from_articles.csv,Journal_vol,(unmapped),(unmapped)
1Summary_statistics_data_from_articles.csv,Journal_iss,(unmapped),(unmapped)
1Summary_statistics_data_from_articles.csv,Page_numbers,(unmapped),(unmapped)
1Summary_statistics_data_from_articles.csv,Table_number,(unmapped),(unmapped)
1Summary_statistics_data_from_articles.csv,Figure_number,(unmapped),(unmapped)
1Summary_statistics_data_from_articles.csv,DOI,DOI,A. Paper Metadata
1Summary_statistics_data_from_articles.csv,Website,(unmapped),(unmapped)
1Summary_statistics_data_from_articles.csv,Data_type,(unmapped),(unmapped)
1Summary_statistics_data_from_articles.csv,Article_quality,(unmapped),(unmapped)
1Summary_statistics_data_from_articles.csv,Experiment_Number,(unmapped),(unmapped)
1Summary_statistics_data_from_articles.csv,Year_experiment,(unmapped),(unmapped)
1Summary_statistics_data_from_articles.csv,Data_license_no,(unmapped),(unmapped)
1Summary_statistics_data_from_articles.csv,Dataset_ID,(unmapped),(unmapped)
1Summary_statistics_data_from_articles.csv,Plot_area,Plot_Size,C. Experimental Design
1Summary_statistics_data_from_articles.csv,Block,Block,C. Experimental Design
1Summary_statistics_data_from_articles.csv,Number_years_data,(unmapped),(unmapped)
1Summary_statistics_data_from_articles.csv,Experimental_design_Description,Design,C. Experimental Design
1Summary_statistics_data_from_articles.csv,Experimental_objective_Description,Experiment_Objective,C. Experimental Design
1Summary_statistics_data_from_articles.csv,Description_treatment_Description,Treatment,F. Fertilizer Information
1Summary_statistics_data_from_articles.csv,Treatment_Name,Treatment,F. Fertilizer Information
1Summary_statistics_data_from_articles.csv,Control_treatment_Yes_No,(unmapped),(unmapped)
1Summary_statistics_data_from_articles.csv,Replicate_n,Replications,C. Experimental Design
1Summary_statistics_data_from_articles.csv,Replicate_num,Replications,C. Experimental Design
1Summary_statistics_data_from_articles.csv,Country,Country,A. Paper Metadata
1Summary_statistics_data_from_articles.csv,State_province,State,C. Experimental Design
1Summary_statistics_data_from_articles.csv,Nearest_town_city,Site,C. Experimental Design
1Summary_statistics_data_from_articles.csv,GPS_coordinates_altitude,Altitude,D. Environment
1Summary_statistics_data_from_articles.csv,GPS_lat_DD,Latitude,D. Environment
1Summary_statistics_data_from_articles.csv,GPS_long_DD,Longitude,D. Environment
1Summary_statistics_data_from_articles.csv,Annual_rainfall_mean_mm_year,Rainfall,D. Environment
1Summary_statistics_data_from_articles.csv,Actual_rainfall_during trial_mm,Rainfall,D. Environment
1Summary_statistics_data_from_articles.csv,Irrigation_method_Name,Irrigation_Method,Y. Irrigation & Management
1Summary_statistics_data_from_articles.csv,Actual_irrigation_mm,Irrigation_mm,Y. Irrigation & Management
1Summary_statistics_data_from_articles.csv,Soil_moisture_%_WHC,Soil_Moisture,O. Soil Biological Properties
1Summary_statistics_data_from_articles.csv,Soil_clay_%,Soil_Clay_Pct,E. Soil Properties
1Summary_statistics_data_from_articles.csv,Soil_silt_%,Soil_Silt_Pct,E. Soil Properties
1Summary_statistics_data_from_articles.csv,Soil_sand_%,Soil_Sand_Pct,E. Soil Properties
1Summary_statistics_data_from_articles.csv,Soil_texture_Name,Soil_Texture,E. Soil Properties
1Summary_statistics_data_from_articles.csv,Soil_class_Name,(unmapped),(unmapped)
1Summary_statistics_data_from_articles.csv,Soil_pH_H2O_1:1_Number,Soil_pH,E. Soil Properties
1Summary_statistics_data_from_articles.csv,Soil_pH_H2O_1:2.5_Number,Soil_pH,E. Soil Properties
1Summary_statistics_data_from_articles.csv,Soil_pH_H2O_1:5_Number,(unmapped),(unmapped)
1Summary_statistics_data_from_articles.csv,Soil_pH_CaCl2_Number,Soil_pH_CaCl2,Z. Soil pH Variants
1Summary_statistics_data_from_articles.csv,Soil_Bulk_density_mg_cm3,Soil_Bulk_Density,E. Soil Properties
1Summary_statistics_data_from_articles.csv,Soil_SOC_K2Cr2O7_g_C_kg,Organic_Carbon,E. Soil Properties
1Summary_statistics_data_from_articles.csv,Soil_NC_Kjeldahl_g_N_kg,Soil_Nitrogen_Kjeldahl,O. Soil Biological Properties
1Summary_statistics_data_from_articles.csv,Soil_Carbon_Wakley_Black_g_C_kg,(unmapped),(unmapped)
1Summary_statistics_data_from_articles.csv,Soil_Carbon_test_1_g_C_kg,(unmapped),(unmapped)
1Summary_statistics_data_from_articles.csv,Soil_N_(Parco2020)_kg_N_ha,Soil_N_Parco2020,O. Soil Biological Properties
1Summary_statistics_data_from_articles.csv,Soil_N_(De Silva 2008)_kg_N_ha,Soil_N_DeSilva2008,O. Soil Biological Properties
1Summary_statistics_data_from_articles.csv,Soil_K_(Black)_kg_K_ha,Potassium,E. Soil Properties
1Summary_statistics_data_from_articles.csv,Soil_S_available_mg_S_kg,(unmapped),(unmapped)
1Summary_statistics_data_from_articles.csv,Soil_S_Mehlich-3_mg_S_kg,(unmapped),(unmapped)
1Summary_statistics_data_from_articles.csv,Soil_S_(Method 2)_mg_S_kg,(unmapped),(unmapped)
1Summary_statistics_data_from_articles.csv,Soil_P_Olsen_mg_kg,Phosphorus,E. Soil Properties
1Summary_statistics_data_from_articles.csv,Soil_P_Bray_1_mg_P_kg,Phosphorus,E. Soil Properties
1Summary_statistics_data_from_articles.csv,Soil_P_Bray_2_mg_P_kg,Phosphorus,E. Soil Properties
1Summary_statistics_data_from_articles.csv,Soil_P_Mehlich-3_mg_P_kg,Phosphorus,E. Soil Properties
1Summary_statistics_data_from_articles.csv,Soil_K_dry_mg_K_kg,Potassium,E. Soil Properties
1Summary_statistics_data_from_articles.csv,Soil_K_wet_mg_K_kg,Potassium,E. Soil Properties
1Summary_statistics_data_from_articles.csv,Soil_K_exchangeable_mg_K_kg,Potassium,E. Soil Properties
1Summary_statistics_data_from_articles.csv,Soil_K_(Mehlich-3)_mg_K_kg,Potassium,E. Soil Properties
1Summary_statistics_data_from_articles.csv,Soil_K_(Method 1)_mg_K_kg,(unmapped),(unmapped)
1Summary_statistics_data_from_articles.csv,Soil_FE_DETPA_extractable_mg_kg,Iron,E. Soil Properties
1Summary_statistics_data_from_articles.csv,Soil_Zn_DETPA_extractable_mg_kg,Zinc,E. Soil Properties
1Summary_statistics_data_from_articles.csv,Soil_Ca_Mehlich-3_mg_Ca_kg,Calcium_Mehlich3,S. Soil Exchangeable Cations
1Summary_statistics_data_from_articles.csv,Soil_pH_KCl_Number,Soil_pH_KCl,Z. Soil pH Variants
1Summary_statistics_data_from_articles.csv,Soil_OM_%,Organic_Matter,E. Soil Properties
1Summary_statistics_data_from_articles.csv,Soil_N_Alkaline_permanganate_kg_N_ha,Soil_Nitrogen_Alkaline_Permanganate,O. Soil Biological Properties
1Summary_statistics_data_from_articles.csv,Soil_Cu_DETPA_extractable_mg_kg,Copper,E. Soil Properties
1Summary_statistics_data_from_articles.csv,Soil_Mn_DETPA_extractable_mg_kg,Manganese,E. Soil Properties
1Summary_statistics_data_from_articles.csv,Soil_NO3-_(Dumas_method)_mg_kg,(unmapped),(unmapped)
1Summary_statistics_data_from_articles.csv,Soil_NH4+_(Dumas_method)_mg_kg,(unmapped),(unmapped)
1Summary_statistics_data_from_articles.csv,Soil_Ca_(ammonium_acetate)_mg_kg,(unmapped),(unmapped)
1Summary_statistics_data_from_articles.csv,Soil_Mg_(ammonium_acetate)_mg_kg,(unmapped),(unmapped)
1Summary_statistics_data_from_articles.csv,Soil_K_(ammonium_acetate)_mg_kg,(unmapped),(unmapped)
1Summary_statistics_data_from_articles.csv,Cultivation_method_Name,Cultivation_Method,Y. Irrigation & Management
1Summary_statistics_data_from_articles.csv,Previous_crop_Name,Previous_Crop,B. Crop Information
1Summary_statistics_data_from_articles.csv,Sowing_date_DD_MM_YY,(unmapped),(unmapped)
1Summary_statistics_data_from_articles.csv,Harvest_date_DD_MM_YY,(unmapped),(unmapped)
1Summary_statistics_data_from_articles.csv,Date_sowing_YYYYMMDD,(unmapped),(unmapped)
1Summary_statistics_data_from_articles.csv,Date_harvest_YYYYMMDD,(unmapped),(unmapped)
1Summary_statistics_data_from_articles.csv,Latin_name,Scientific_Name,B. Crop Information
1Summary_statistics_data_from_articles.csv,Crop_original,Crop,B. Crop Information
1Summary_statistics_data_from_articles.csv,Crop_standardised,Crop,B. Crop Information
1Summary_statistics_data_from_articles.csv,Crop_variety,(unmapped),(unmapped)
1Summary_statistics_data_from_articles.csv,Crop_variety_release_Year,(unmapped),(unmapped)
1Summary_statistics_data_from_articles.csv,Crop_variety_other,(unmapped),(unmapped)
1Summary_statistics_data_from_articles.csv,Intercrop_name_Name,(unmapped),(unmapped)
1Summary_statistics_data_from_articles.csv,Sow_density_Seeds_m2,Sowing_Density,Y. Irrigation & Management
1Summary_statistics_data_from_articles.csv,Harvest_density_Plants_m2,Harvest_Density,Y. Irrigation & Management
1Summary_statistics_data_from_articles.csv,Fertiliser_type_Name,Fertilizer_Name,F. Fertilizer Information
1Summary_statistics_data_from_articles.csv,Fertiliser_N_kg_N_ha,Nitrogen,E. Soil Properties
1Summary_statistics_data_from_articles.csv,Fertiliser_P_kg_P_ha,Phosphorus,E. Soil Properties
1Summary_statistics_data_from_articles.csv,Fertiliser_K_kg_K_ha,Potassium,E. Soil Properties
1Summary_statistics_data_from_articles.csv,Fertiliser_S_kg_S_ha,Sulphur,E. Soil Properties
1Summary_statistics_data_from_articles.csv,Fertiliser_Ca_kg_Ca_ha,Fertilizer_Calcium,F. Fertilizer Information
1Summary_statistics_data_from_articles.csv,Fertiliser_Mg_kg_Mg_ha,Fertilizer_Magnesium,F. Fertilizer Information
1Summary_statistics_data_from_articles.csv,Fertiliser_B_kg_B_ha,Fertilizer_Boron,F. Fertilizer Information
1Summary_statistics_data_from_articles.csv,Fertiliser_Cl_kg_Cl_ha,Fertilizer_Chlorine,F. Fertilizer Information
1Summary_statistics_data_from_articles.csv,Fertiliser_Cu_kg_Cu_ha,(unmapped),(unmapped)
1Summary_statistics_data_from_articles.csv,Fertiliser_Fe_kg_Fe_ha,Iron,E. Soil Properties
1Summary_statistics_data_from_articles.csv,Fertiliser_Mn_kg_Mn_ha,(unmapped),(unmapped)
1Summary_statistics_data_from_articles.csv,Fertiliser_Mo_kg_Mo_ha,Fertilizer_Molybdenum,F. Fertilizer Information
1Summary_statistics_data_from_articles.csv,Fertiliser_Zn_kg_Zn_ha,Zinc,E. Soil Properties
1Summary_statistics_data_from_articles.csv,N_fixation_kg_N_ha,N_Fixation,Y. Irrigation & Management
1Summary_statistics_data_from_articles.csv,pc_Ndfa_%,(unmapped),(unmapped)
1Summary_statistics_data_from_articles.csv,CPY_mean_kg_fresh_ha,Yield_per_Hectare,H. Yield Parameters
1Summary_statistics_data_from_articles.csv,CPY_sd_kg_fresh_ha,Yield_per_Hectare,H. Yield Parameters
1Summary_statistics_data_from_articles.csv,CPY_SE_kg_fresh_ha,Yield_per_Hectare,H. Yield Parameters
1Summary_statistics_data_from_articles.csv,CPY_LSD_kg_fresh_ha,Yield_per_Hectare,H. Yield Parameters
1Summary_statistics_data_from_articles.csv,CobY_mean_kg_fresh_ha,Yield_per_Hectare,H. Yield Parameters
1Summary_statistics_data_from_articles.csv,CobY_sd_kg_fresh_ha,(unmapped),(unmapped)
1Summary_statistics_data_from_articles.csv,CobY_SE_kg_fresh_ha,(unmapped),(unmapped)
1Summary_statistics_data_from_articles.csv,CobY_LSD_kg_fresh_ha,(unmapped),(unmapped)
1Summary_statistics_data_from_articles.csv,CRY_mean_kg_fresh_ha,Yield_per_Hectare,H. Yield Parameters
1Summary_statistics_data_from_articles.csv,CRY_sd_kg_fresh_ha,(unmapped),(unmapped)
1Summary_statistics_data_from_articles.csv,CRY_SE_kg_fresh_ha,(unmapped),(unmapped)
1Summary_statistics_data_from_articles.csv,CRY_LSD_kg_fresh_ha,(unmapped),(unmapped)
1Summary_statistics_data_from_articles.csv,AGY_mean_kg_fresh_ha,Yield_per_Hectare,H. Yield Parameters
1Summary_statistics_data_from_articles.csv,AGY_sd_kg_fresh_ha,Yield_per_Hectare,H. Yield Parameters
1Summary_statistics_data_from_articles.csv,AGY_SE_kg_fresh_ha,Yield_per_Hectare,H. Yield Parameters
1Summary_statistics_data_from_articles.csv,AGY_LSD_kg_fresh_ha,Yield_per_Hectare,H. Yield Parameters
1Summary_statistics_data_from_articles.csv,CPY_mean_kg_DM_ha,Biomass_Yield,H. Yield Parameters
1Summary_statistics_data_from_articles.csv,CPY_sd_kg_DM_ha,(unmapped),(unmapped)
1Summary_statistics_data_from_articles.csv,CPY_SE_kg_DM_ha,(unmapped),(unmapped)
1Summary_statistics_data_from_articles.csv,CPY_LSD_kg_DM_ha,(unmapped),(unmapped)
1Summary_statistics_data_from_articles.csv,CobY_mean_kg_DM_ha,(unmapped),(unmapped)
1Summary_statistics_data_from_articles.csv,CobY_sd_kg_DM_ha,(unmapped),(unmapped)
1Summary_statistics_data_from_articles.csv,CobY_SE_kg_DM_ha,(unmapped),(unmapped)
1Summary_statistics_data_from_articles.csv,CobY_LSD_kg_DM_ha,(unmapped),(unmapped)
1Summary_statistics_data_from_articles.csv,CRY_mean_kg_DM_ha,(unmapped),(unmapped)
1Summary_statistics_data_from_articles.csv,CRY_sd_kg_DM_ha,(unmapped),(unmapped)
1Summary_statistics_data_from_articles.csv,CRY_SE_kg_DM_ha,(unmapped),(unmapped)
1Summary_statistics_data_from_articles.csv,CRY_LSD_kg_DM_ha,(unmapped),(unmapped)
1Summary_statistics_data_from_articles.csv,AGY_mean_kg_DM_ha,Biomass_Yield,H. Yield Parameters
1Summary_statistics_data_from_articles.csv,AGY_sd_kg_DM_ha,(unmapped),(unmapped)
1Summary_statistics_data_from_articles.csv,AGY_SE_kg_DM_ha,(unmapped),(unmapped)
1Summary_statistics_data_from_articles.csv,AGY_LSD_kg_DM_ha,(unmapped),(unmapped)
1Summary_statistics_data_from_articles.csv,HI_mean_Unitless,Harvest_Index,H. Yield Parameters
1Summary_statistics_data_from_articles.csv,HI_sd_Unitless,(unmapped),(unmapped)
1Summary_statistics_data_from_articles.csv,HI_SE_Unitless,(unmapped),(unmapped)
1Summary_statistics_data_from_articles.csv,HI_LSD_Unitless,(unmapped),(unmapped)
1Summary_statistics_data_from_articles.csv,CPCon_DM_mean_kg_DM_kg_fresh,(unmapped),(unmapped)
1Summary_statistics_data_from_articles.csv,CPCon_DM_sd_kg_DM_kg_fresh,(unmapped),(unmapped)
1Summary_statistics_data_from_articles.csv,CPCon_DM_SE_kg_DM_kg_fresh,(unmapped),(unmapped)
1Summary_statistics_data_from_articles.csv,CPCon_DM_LSD_kg_DM_kg_fresh,(unmapped),(unmapped)
1Summary_statistics_data_from_articles.csv,CPCon_Prot_mean_kg_kg_DM,(unmapped),(unmapped)
1Summary_statistics_data_from_articles.csv,CPCon_Prot_sd_kg_kg_DM,(unmapped),(unmapped)
1Summary_statistics_data_from_articles.csv,CPCon_Prot_SE_kg_kg_DM,(unmapped),(unmapped)
1Summary_statistics_data_from_articles.csv,CPCon_Prot_LSD_kg_kg_DM,(unmapped),(unmapped)
1Summary_statistics_data_from_articles.csv,CPCon_N_mean_kg_kg_DM,Nitrogen_Content,I. Grain Quality
1Summary_statistics_data_from_articles.csv,CPCon_N_sd_kg_kg_DM,(unmapped),(unmapped)
1Summary_statistics_data_from_articles.csv,CPCon_N_SE_kg_kg_DM,(unmapped),(unmapped)
1Summary_statistics_data_from_articles.csv,CPCon_N_LSD_kg_kg_DM,(unmapped),(unmapped)
1Summary_statistics_data_from_articles.csv,CPCon_P_mean_kg_kg_DM,Phosphorus_Content,I. Grain Quality
1Summary_statistics_data_from_articles.csv,CPCon_P_sd_kg_kg_DM,(unmapped),(unmapped)
1Summary_statistics_data_from_articles.csv,CPCon_P_SE_kg_kg_DM,(unmapped),(unmapped)
1Summary_statistics_data_from_articles.csv,CPCon_P_LSD_kg_kg_DM,(unmapped),(unmapped)
1Summary_statistics_data_from_articles.csv,CPCon_K_mean_kg_kg_DM,Potassium_Content,I. Grain Quality
1Summary_statistics_data_from_articles.csv,CPCon_K_sd_kg_kg_DM,(unmapped),(unmapped)
1Summary_statistics_data_from_articles.csv,CPCon_K_SE_kg_kg_DM,(unmapped),(unmapped)
1Summary_statistics_data_from_articles.csv,CPCon_K_LSD_kg_kg_DM,(unmapped),(unmapped)
1Summary_statistics_data_from_articles.csv,CPCon_S_mean_kg_kg_DM,(unmapped),(unmapped)
1Summary_statistics_data_from_articles.csv,CPCon_S_sd_kg_kg_DM,(unmapped),(unmapped)
1Summary_statistics_data_from_articles.csv,CPCon_S_SE_kg_kg_DM,(unmapped),(unmapped)
1Summary_statistics_data_from_articles.csv,CPCon_S_LSD_kg_kg_DM,(unmapped),(unmapped)
1Summary_statistics_data_from_articles.csv,CPCon_Ca_mean_kg_kg_DM,(unmapped),(unmapped)
1Summary_statistics_data_from_articles.csv,CPCon_Ca_sd_kg_kg_DM,(unmapped),(unmapped)
1Summary_statistics_data_from_articles.csv,CPCon_Ca_SE_kg_kg_DM,(unmapped),(unmapped)
1Summary_statistics_data_from_articles.csv,CPCon_Ca_LSD_kg_kg_DM,(unmapped),(unmapped)
1Summary_statistics_data_from_articles.csv,CPCon_Mg_mean_kg_kg_DM,(unmapped),(unmapped)
1Summary_statistics_data_from_articles.csv,CPCon_Mg_sd_kg_kg_DM,(unmapped),(unmapped)
1Summary_statistics_data_from_articles.csv,CPCon_Mg_SE_kg_kg_DM,(unmapped),(unmapped)
1Summary_statistics_data_from_articles.csv,CPCon_Mg_LSD_kg_kg_DM,(unmapped),(unmapped)
1Summary_statistics_data_from_articles.csv,CPCon_B_mean_kg_kg_DM,(unmapped),(unmapped)
1Summary_statistics_data_from_articles.csv,CPCon_B_sd_kg_kg_DM,(unmapped),(unmapped)
1Summary_statistics_data_from_articles.csv,CPCon_B_SE_kg_kg_DM,(unmapped),(unmapped)
1Summary_statistics_data_from_articles.csv,CPCon_B_LSD_kg_kg_DM,(unmapped),(unmapped)
1Summary_statistics_data_from_articles.csv,CPCon_Cl_mean_kg_kg_DM,(unmapped),(unmapped)
1Summary_statistics_data_from_articles.csv,CPCon_Cl_sd_kg_kg_DM,(unmapped),(unmapped)
1Summary_statistics_data_from_articles.csv,CPCon_Cl_SE_kg_kg_DM,(unmapped),(unmapped)
1Summary_statistics_data_from_articles.csv,CPCon_Cl_LSD_kg_kg_DM,(unmapped),(unmapped)
1Summary_statistics_data_from_articles.csv,CPCon_Cu_mean_kg_kg_DM,(unmapped),(unmapped)
1Summary_statistics_data_from_articles.csv,CPCon_Cu_sd_kg_kg_DM,(unmapped),(unmapped)
1Summary_statistics_data_from_articles.csv,CPCon_Cu_SE_kg_kg_DM,(unmapped),(unmapped)
1Summary_statistics_data_from_articles.csv,CPCon_Cu_LSD_kg_kg_DM,(unmapped),(unmapped)
1Summary_statistics_data_from_articles.csv,CPCon_Fe_mean_kg_kg_DM,Iron_Content,I. Grain Quality
1Summary_statistics_data_from_articles.csv,CPCon_Fe_sd_kg_kg_DM,(unmapped),(unmapped)
1Summary_statistics_data_from_articles.csv,CPCon_Fe_SE_kg_kg_DM,(unmapped),(unmapped)
1Summary_statistics_data_from_articles.csv,CPCon_Fe_LSD_kg_kg_DM,(unmapped),(unmapped)
1Summary_statistics_data_from_articles.csv,CPCon_Mn_mean_kg_kg_DM,(unmapped),(unmapped)
1Summary_statistics_data_from_articles.csv,CPCon_Mn_sd_kg_kg_DM,(unmapped),(unmapped)
1Summary_statistics_data_from_articles.csv,CPCon_Mn_SE_kg_kg_DM,(unmapped),(unmapped)
1Summary_statistics_data_from_articles.csv,CPCon_Mn_LSD_kg_kg_DM,(unmapped),(unmapped)
1Summary_statistics_data_from_articles.csv,CPCon_Mo_mean_kg_kg_DM,(unmapped),(unmapped)
1Summary_statistics_data_from_articles.csv,CPCon_Mo_sd_kg_kg_DM,(unmapped),(unmapped)
1Summary_statistics_data_from_articles.csv,CPCon_Mo_SE_kg_kg_DM,(unmapped),(unmapped)
1Summary_statistics_data_from_articles.csv,CPCon_Mo_LSD_kg_kg_DM,(unmapped),(unmapped)
1Summary_statistics_data_from_articles.csv,CPCon_Zn_mean_kg_kg_DM,Zinc_Content,I. Grain Quality
1Summary_statistics_data_from_articles.csv,CPCon_Zn_sd_kg_kg_DM,(unmapped),(unmapped)
1Summary_statistics_data_from_articles.csv,CPCon_Zn_SE_kg_kg_DM,(unmapped),(unmapped)
1Summary_statistics_data_from_articles.csv,CPCon_Zn_LSD_kg_kg_DM,(unmapped),(unmapped)
1Summary_statistics_data_from_articles.csv,CRCon_Prot_mean_kg_kg_DM,(unmapped),(unmapped)
1Summary_statistics_data_from_articles.csv,CRCon_Prot_sd_kg_kg_DM,(unmapped),(unmapped)
1Summary_statistics_data_from_articles.csv,CRCon_Prot_SE_kg_kg_DM,(unmapped),(unmapped)
1Summary_statistics_data_from_articles.csv,CRCon_Prot_LSD_kg_kg_DM,(unmapped),(unmapped)
1Summary_statistics_data_from_articles.csv,CRCon_N_mean_kg_kg_DM,(unmapped),(unmapped)
1Summary_statistics_data_from_articles.csv,CRCon_N_sd_kg_kg_DM,(unmapped),(unmapped)
1Summary_statistics_data_from_articles.csv,CRCon_N_SE_kg_kg_DM,(unmapped),(unmapped)
1Summary_statistics_data_from_articles.csv,CRCon_N_LSD_kg_kg_DM,(unmapped),(unmapped)
1Summary_statistics_data_from_articles.csv,CRCon_P_mean_kg_kg_DM,(unmapped),(unmapped)
1Summary_statistics_data_from_articles.csv,CRCon_P_sd_kg_kg_DM,(unmapped),(unmapped)
1Summary_statistics_data_from_articles.csv,CRCon_P_SE_kg_kg_DM,(unmapped),(unmapped)
1Summary_statistics_data_from_articles.csv,CRCon_P_LSD_kg_kg_DM,(unmapped),(unmapped)
1Summary_statistics_data_from_articles.csv,CRCon_K_mean_kg_kg_DM,(unmapped),(unmapped)
1Summary_statistics_data_from_articles.csv,CRCon_K_sd_kg_kg_DM,(unmapped),(unmapped)
1Summary_statistics_data_from_articles.csv,CRCon_K_SE_kg_kg_DM,(unmapped),(unmapped)
1Summary_statistics_data_from_articles.csv,CRCon_K_LSD_kg_kg_DM,(unmapped),(unmapped)
1Summary_statistics_data_from_articles.csv,CRCon_S_mean_kg_kg_DM,(unmapped),(unmapped)
1Summary_statistics_data_from_articles.csv,CRCon_S_sd_kg_kg_DM,(unmapped),(unmapped)
1Summary_statistics_data_from_articles.csv,CRCon_S_SE_kg_kg_DM,(unmapped),(unmapped)
1Summary_statistics_data_from_articles.csv,CRCon_S_LSD_kg_kg_DM,(unmapped),(unmapped)
1Summary_statistics_data_from_articles.csv,CRCon_Ca_mean_kg_kg_DM,(unmapped),(unmapped)
1Summary_statistics_data_from_articles.csv,CRCon_Ca_sd_kg_kg_DM,(unmapped),(unmapped)
1Summary_statistics_data_from_articles.csv,CRCon_Ca_SE_kg_kg_DM,(unmapped),(unmapped)
1Summary_statistics_data_from_articles.csv,CRCon_Ca_LSD_kg_kg_DM,(unmapped),(unmapped)
1Summary_statistics_data_from_articles.csv,CRCon_Mg_mean_kg_kg_DM,(unmapped),(unmapped)
1Summary_statistics_data_from_articles.csv,CRCon_Mg_sd_kg_kg_DM,(unmapped),(unmapped)
1Summary_statistics_data_from_articles.csv,CRCon_Mg_SE_kg_kg_DM,(unmapped),(unmapped)
1Summary_statistics_data_from_articles.csv,CRCon_Mg_LSD_kg_kg_DM,(unmapped),(unmapped)
1Summary_statistics_data_from_articles.csv,CRCon_B_mean_kg_kg_DM,(unmapped),(unmapped)
1Summary_statistics_data_from_articles.csv,CRCon_B_sd_kg_kg_DM,(unmapped),(unmapped)
1Summary_statistics_data_from_articles.csv,CRCon_B_SE_kg_kg_DM,(unmapped),(unmapped)
1Summary_statistics_data_from_articles.csv,CRCon_B_LSD_kg_kg_DM,(unmapped),(unmapped)
1Summary_statistics_data_from_articles.csv,CRCon_Cl_mean_kg_kg_DM,(unmapped),(unmapped)
1Summary_statistics_data_from_articles.csv,CRCon_Cl_sd_kg_kg_DM,(unmapped),(unmapped)
1Summary_statistics_data_from_articles.csv,CRCon_Cl_SE_kg_kg_DM,(unmapped),(unmapped)
1Summary_statistics_data_from_articles.csv,CRCon_Cl_LSD_kg_kg_DM,(unmapped),(unmapped)
1Summary_statistics_data_from_articles.csv,CRCon_Cu_mean_kg_kg_DM,(unmapped),(unmapped)
1Summary_statistics_data_from_articles.csv,CRCon_Cu_sd_kg_kg_DM,(unmapped),(unmapped)
1Summary_statistics_data_from_articles.csv,CRCon_Cu_SE_kg_kg_DM,(unmapped),(unmapped)
1Summary_statistics_data_from_articles.csv,CRCon_Cu_LSD_kg_kg_DM,(unmapped),(unmapped)
1Summary_statistics_data_from_articles.csv,CRCon_Fe_mean_kg_kg_DM,(unmapped),(unmapped)
1Summary_statistics_data_from_articles.csv,CRCon_Fe_sd_kg_kg_DM,(unmapped),(unmapped)
1Summary_statistics_data_from_articles.csv,CRCon_Fe_SE_kg_kg_DM,(unmapped),(unmapped)
1Summary_statistics_data_from_articles.csv,CRCon_Fe_LSD_kg_kg_DM,(unmapped),(unmapped)
1Summary_statistics_data_from_articles.csv,CRCon_Mn_mean_kg_kg_DM,(unmapped),(unmapped)
1Summary_statistics_data_from_articles.csv,CRCon_Mn_sd_kg_kg_DM,(unmapped),(unmapped)
1Summary_statistics_data_from_articles.csv,CRCon_Mn_SE_kg_kg_DM,(unmapped),(unmapped)
1Summary_statistics_data_from_articles.csv,CRCon_Mn_LSD_kg_kg_DM,(unmapped),(unmapped)
1Summary_statistics_data_from_articles.csv,CRCon_Mo_mean_kg_kg_DM,(unmapped),(unmapped)
1Summary_statistics_data_from_articles.csv,CRCon_Mo_sd_kg_kg_DM,(unmapped),(unmapped)
1Summary_statistics_data_from_articles.csv,CRCon_Mo_SE_kg_kg_DM,(unmapped),(unmapped)
1Summary_statistics_data_from_articles.csv,CRCon_Mo_LSD_kg_kg_DM,(unmapped),(unmapped)
1Summary_statistics_data_from_articles.csv,CRCon_Zn_mean_kg_kg_DM,(unmapped),(unmapped)
1Summary_statistics_data_from_articles.csv,CRCon_Zn_sd_kg_kg_DM,(unmapped),(unmapped)
1Summary_statistics_data_from_articles.csv,CRCon_Zn_SE_kg_kg_DM,(unmapped),(unmapped)
1Summary_statistics_data_from_articles.csv,CRCon_Zn_LSD_kg_kg_DM,(unmapped),(unmapped)
1Summary_statistics_data_from_articles.csv,AGCon_Prot_mean_kg_kg_DM,(unmapped),(unmapped)
1Summary_statistics_data_from_articles.csv,AGCon_Prot_sd_kg_kg_DM,(unmapped),(unmapped)
1Summary_statistics_data_from_articles.csv,AGCon_Prot_SE_kg_kg_DM,(unmapped),(unmapped)
1Summary_statistics_data_from_articles.csv,AGCon_Prot_LSD_kg_kg_DM,(unmapped),(unmapped)
1Summary_statistics_data_from_articles.csv,AGCon_N_mean_kg_kg_DM,(unmapped),(unmapped)
1Summary_statistics_data_from_articles.csv,AGCon_N_sd_kg_kg_DM,(unmapped),(unmapped)
1Summary_statistics_data_from_articles.csv,AGCon_N_SE_kg_kg_DM,(unmapped),(unmapped)
1Summary_statistics_data_from_articles.csv,AGCon_N_LSD_kg_kg_DM,(unmapped),(unmapped)
1Summary_statistics_data_from_articles.csv,AGCon_P_mean_kg_kg_DM,(unmapped),(unmapped)
1Summary_statistics_data_from_articles.csv,AGCon_P_sd_kg_kg_DM,(unmapped),(unmapped)
1Summary_statistics_data_from_articles.csv,AGCon_P_SE_kg_kg_DM,(unmapped),(unmapped)
1Summary_statistics_data_from_articles.csv,AGCon_P_LSD_kg_kg_DM,(unmapped),(unmapped)
1Summary_statistics_data_from_articles.csv,AGCon_K_mean_kg_kg_DM,(unmapped),(unmapped)
1Summary_statistics_data_from_articles.csv,AGCon_K_sd_kg_kg_DM,(unmapped),(unmapped)
1Summary_statistics_data_from_articles.csv,AGCon_K_SE_kg_kg_DM,(unmapped),(unmapped)
1Summary_statistics_data_from_articles.csv,AGCon_K_LSD_kg_kg_DM,(unmapped),(unmapped)
1Summary_statistics_data_from_articles.csv,AGCon_S_mean_kg_kg_DM,(unmapped),(unmapped)
1Summary_statistics_data_from_articles.csv,AGCon_S_sd_kg_kg_DM,(unmapped),(unmapped)
1Summary_statistics_data_from_articles.csv,AGCon_S_SE_kg_kg_DM,(unmapped),(unmapped)
1Summary_statistics_data_from_articles.csv,AGCon_S_LSD_kg_kg_DM,(unmapped),(unmapped)
1Summary_statistics_data_from_articles.csv,AGCon_Ca_mean_kg_kg_DM,(unmapped),(unmapped)
1Summary_statistics_data_from_articles.csv,AGCon_Ca_sd_kg_kg_DM,(unmapped),(unmapped)
1Summary_statistics_data_from_articles.csv,AGCon_Ca_SE_kg_kg_DM,(unmapped),(unmapped)
1Summary_statistics_data_from_articles.csv,AGCon_Ca_LSD_kg_kg_DM,(unmapped),(unmapped)
1Summary_statistics_data_from_articles.csv,AGCon_Mg_mean_kg_kg_DM,(unmapped),(unmapped)
1Summary_statistics_data_from_articles.csv,AGCon_Mg_sd_kg_kg_DM,(unmapped),(unmapped)
1Summary_statistics_data_from_articles.csv,AGCon_Mg_SE_kg_kg_DM,(unmapped),(unmapped)
1Summary_statistics_data_from_articles.csv,AGCon_Mg_LSD_kg_kg_DM,(unmapped),(unmapped)
1Summary_statistics_data_from_articles.csv,AGCon_B_mean_kg_kg_DM,(unmapped),(unmapped)
1Summary_statistics_data_from_articles.csv,AGCon_B_sd_kg_kg_DM,(unmapped),(unmapped)
1Summary_statistics_data_from_articles.csv,AGCon_B_SE_kg_kg_DM,(unmapped),(unmapped)
1Summary_statistics_data_from_articles.csv,AGCon_B_LSD_kg_kg_DM,(unmapped),(unmapped)
1Summary_statistics_data_from_articles.csv,AGCon_Cl_mean_kg_kg_DM,(unmapped),(unmapped)
1Summary_statistics_data_from_articles.csv,AGCon_Cl_sd_kg_kg_DM,(unmapped),(unmapped)
1Summary_statistics_data_from_articles.csv,AGCon_Cl_SE_kg_kg_DM,(unmapped),(unmapped)
1Summary_statistics_data_from_articles.csv,AGCon_Cl_LSD_kg_kg_DM,(unmapped),(unmapped)
1Summary_statistics_data_from_articles.csv,AGCon_Cu_mean_kg_kg_DM,(unmapped),(unmapped)
1Summary_statistics_data_from_articles.csv,AGCon_Cu_sd_kg_kg_DM,(unmapped),(unmapped)
1Summary_statistics_data_from_articles.csv,AGCon_Cu_SE_kg_kg_DM,(unmapped),(unmapped)
1Summary_statistics_data_from_articles.csv,AGCon_Cu_LSD_kg_kg_DM,(unmapped),(unmapped)
1Summary_statistics_data_from_articles.csv,AGCon_Fe_mean_kg_kg_DM,(unmapped),(unmapped)
1Summary_statistics_data_from_articles.csv,AGCon_Fe_sd_kg_kg_DM,(unmapped),(unmapped)
1Summary_statistics_data_from_articles.csv,AGCon_Fe_SE_kg_kg_DM,(unmapped),(unmapped)
1Summary_statistics_data_from_articles.csv,AGCon_Fe_LSD_kg_kg_DM,(unmapped),(unmapped)
1Summary_statistics_data_from_articles.csv,AGCon_Mn_mean_kg_kg_DM,(unmapped),(unmapped)
1Summary_statistics_data_from_articles.csv,AGCon_Mn_sd_kg_kg_DM,(unmapped),(unmapped)
1Summary_statistics_data_from_articles.csv,AGCon_Mn_SE_kg_kg_DM,(unmapped),(unmapped)
1Summary_statistics_data_from_articles.csv,AGCon_Mn_LSD_kg_kg_DM,(unmapped),(unmapped)
1Summary_statistics_data_from_articles.csv,AGCon_Mo_mean_kg_kg_DM,(unmapped),(unmapped)
1Summary_statistics_data_from_articles.csv,AGCon_Mo_sd_kg_kg_DM,(unmapped),(unmapped)
1Summary_statistics_data_from_articles.csv,AGCon_Mo_SE_kg_kg_DM,(unmapped),(unmapped)
1Summary_statistics_data_from_articles.csv,AGCon_Mo_LSD_kg_kg_DM,(unmapped),(unmapped)
1Summary_statistics_data_from_articles.csv,AGCon_Zn_mean_kg_kg_DM,(unmapped),(unmapped)
1Summary_statistics_data_from_articles.csv,AGCon_Zn_sd_kg_kg_DM,(unmapped),(unmapped)
1Summary_statistics_data_from_articles.csv,AGCon_Zn_SE_kg_kg_DM,(unmapped),(unmapped)
1Summary_statistics_data_from_articles.csv,AGCon_Zn_LSD_kg_kg_DM,(unmapped),(unmapped)
1Summary_statistics_data_from_articles.csv,CP_Up_N_mean_kg_ha,(unmapped),(unmapped)
1Summary_statistics_data_from_articles.csv,CP_Up_N_sd_kg_ha,(unmapped),(unmapped)
1Summary_statistics_data_from_articles.csv,CP_Up_N_SE_kg_ha,(unmapped),(unmapped)
1Summary_statistics_data_from_articles.csv,CP_Up_N_LSD_kg_ha,(unmapped),(unmapped)
1Summary_statistics_data_from_articles.csv,CP_Up_P_mean_kg_ha,(unmapped),(unmapped)
1Summary_statistics_data_from_articles.csv,CP_Up_P_sd_kg_ha,(unmapped),(unmapped)
1Summary_statistics_data_from_articles.csv,CP_Up_P_SE_kg_ha,(unmapped),(unmapped)
1Summary_statistics_data_from_articles.csv,CP_Up_P_LSD_kg_ha,(unmapped),(unmapped)
1Summary_statistics_data_from_articles.csv,CP_Up_K_mean_kg_ha,(unmapped),(unmapped)
1Summary_statistics_data_from_articles.csv,CP_Up_K_sd_kg_ha,(unmapped),(unmapped)
1Summary_statistics_data_from_articles.csv,CP_Up_K_SE_kg_ha,(unmapped),(unmapped)
1Summary_statistics_data_from_articles.csv,CP_Up_K_LSD_kg_ha,(unmapped),(unmapped)
1Summary_statistics_data_from_articles.csv,CP_Up_S_mean_kg_ha,(unmapped),(unmapped)
1Summary_statistics_data_from_articles.csv,CP_Up_S_sd_kg_ha,(unmapped),(unmapped)
1Summary_statistics_data_from_articles.csv,CP_Up_S_SE_kg_ha,(unmapped),(unmapped)
1Summary_statistics_data_from_articles.csv,CP_Up_S_LSD_kg_ha,(unmapped),(unmapped)
1Summary_statistics_data_from_articles.csv,CP_Up_Ca_mean_kg_ha,(unmapped),(unmapped)
1Summary_statistics_data_from_articles.csv,CP_Up_Ca_sd_kg_ha,(unmapped),(unmapped)
1Summary_statistics_data_from_articles.csv,CP_Up_Ca_SE_kg_ha,(unmapped),(unmapped)
1Summary_statistics_data_from_articles.csv,CP_Up_Ca_LSD_kg_ha,(unmapped),(unmapped)
1Summary_statistics_data_from_articles.csv,CP_Up_Mg_mean_kg_ha,(unmapped),(unmapped)
1Summary_statistics_data_from_articles.csv,CP_Up_Mg_sd_kg_ha,(unmapped),(unmapped)
1Summary_statistics_data_from_articles.csv,CP_Up_Mg_SE_kg_ha,(unmapped),(unmapped)
1Summary_statistics_data_from_articles.csv,CP_Up_Mg_LSD_kg_ha,(unmapped),(unmapped)
1Summary_statistics_data_from_articles.csv,CP_Up_B_mean_kg_ha,(unmapped),(unmapped)
1Summary_statistics_data_from_articles.csv,CP_Up_B_sd_kg_ha,(unmapped),(unmapped)
1Summary_statistics_data_from_articles.csv,CP_Up_B_SE_kg_ha,(unmapped),(unmapped)
1Summary_statistics_data_from_articles.csv,CP_Up_B_LSD_kg_ha,(unmapped),(unmapped)
1Summary_statistics_data_from_articles.csv,CP_Up_Cl_mean_kg_ha,(unmapped),(unmapped)
1Summary_statistics_data_from_articles.csv,CP_Up_Cl_sd_kg_ha,(unmapped),(unmapped)
1Summary_statistics_data_from_articles.csv,CP_Up_Cl_SE_kg_ha,(unmapped),(unmapped)
1Summary_statistics_data_from_articles.csv,CP_Up_Cl_LSD_kg_ha,(unmapped),(unmapped)
1Summary_statistics_data_from_articles.csv,CP_Up_Cu_mean_kg_ha,(unmapped),(unmapped)
1Summary_statistics_data_from_articles.csv,CP_Up_Cu_sd_kg_ha,(unmapped),(unmapped)
1Summary_statistics_data_from_articles.csv,CP_Up_Cu_SE_kg_ha,(unmapped),(unmapped)
1Summary_statistics_data_from_articles.csv,CP_Up_Cu_LSD_kg_ha,(unmapped),(unmapped)
1Summary_statistics_data_from_articles.csv,CP_Up_Fe_mean_kg_ha,(unmapped),(unmapped)
1Summary_statistics_data_from_articles.csv,CP_Up_Fe_sd_kg_ha,(unmapped),(unmapped)
1Summary_statistics_data_from_articles.csv,CP_Up_Fe_SE_kg_ha,(unmapped),(unmapped)
1Summary_statistics_data_from_articles.csv,CP_Up_Fe_LSD_kg_ha,(unmapped),(unmapped)
1Summary_statistics_data_from_articles.csv,CP_Up_Mn_mean_kg_ha,(unmapped),(unmapped)
1Summary_statistics_data_from_articles.csv,CP_Up_Mn_sd_kg_ha,(unmapped),(unmapped)
1Summary_statistics_data_from_articles.csv,CP_Up_Mn_SE_kg_ha,(unmapped),(unmapped)
1Summary_statistics_data_from_articles.csv,CP_Up_Mn_LSD_kg_ha,(unmapped),(unmapped)
1Summary_statistics_data_from_articles.csv,CP_Up_Mo_mean_kg_ha,(unmapped),(unmapped)
1Summary_statistics_data_from_articles.csv,CP_Up_Mo_sd_kg_ha,(unmapped),(unmapped)
1Summary_statistics_data_from_articles.csv,CP_Up_Mo_SE_kg_ha,(unmapped),(unmapped)
1Summary_statistics_data_from_articles.csv,CP_Up_Mo_LSD_kg_ha,(unmapped),(unmapped)
1Summary_statistics_data_from_articles.csv,CP_Up_Zn_mean_kg_ha,(unmapped),(unmapped)
1Summary_statistics_data_from_articles.csv,CP_Up_Zn_sd_kg_ha,(unmapped),(unmapped)
1Summary_statistics_data_from_articles.csv,CP_Up_Zn_SE_kg_ha,(unmapped),(unmapped)
1Summary_statistics_data_from_articles.csv,CP_Up_Zn_LSD_kg_ha,(unmapped),(unmapped)
1Summary_statistics_data_from_articles.csv,CR_Up_N_mean_kg_ha,(unmapped),(unmapped)
1Summary_statistics_data_from_articles.csv,CR_Up_N_sd_kg_ha,(unmapped),(unmapped)
1Summary_statistics_data_from_articles.csv,CR_Up_N_SE_kg_ha,(unmapped),(unmapped)
1Summary_statistics_data_from_articles.csv,CR_Up_N_LSD_kg_ha,(unmapped),(unmapped)
1Summary_statistics_data_from_articles.csv,CR_Up_P_mean_kg_ha,(unmapped),(unmapped)
1Summary_statistics_data_from_articles.csv,CR_Up_P_sd_kg_ha,(unmapped),(unmapped)
1Summary_statistics_data_from_articles.csv,CR_Up_P_SE_kg_ha,(unmapped),(unmapped)
1Summary_statistics_data_from_articles.csv,CR_Up_P_LSD_kg_ha,(unmapped),(unmapped)
1Summary_statistics_data_from_articles.csv,CR_Up_K_mean_kg_ha,(unmapped),(unmapped)
1Summary_statistics_data_from_articles.csv,CR_Up_K_sd_kg_ha,(unmapped),(unmapped)
1Summary_statistics_data_from_articles.csv,CR_Up_K_SE_kg_ha,(unmapped),(unmapped)
1Summary_statistics_data_from_articles.csv,CR_Up_K_LSD_kg_ha,(unmapped),(unmapped)
1Summary_statistics_data_from_articles.csv,CR_Up_S_mean_kg_ha,(unmapped),(unmapped)
1Summary_statistics_data_from_articles.csv,CR_Up_S_sd_kg_ha,(unmapped),(unmapped)
1Summary_statistics_data_from_articles.csv,CR_Up_S_SE_kg_ha,(unmapped),(unmapped)
1Summary_statistics_data_from_articles.csv,CR_Up_S_LSD_kg_ha,(unmapped),(unmapped)
1Summary_statistics_data_from_articles.csv,CR_Up_Ca_mean_kg_ha,(unmapped),(unmapped)
1Summary_statistics_data_from_articles.csv,CR_Up_Ca_sd_kg_ha,(unmapped),(unmapped)
1Summary_statistics_data_from_articles.csv,CR_Up_Ca_SE_kg_ha,(unmapped),(unmapped)
1Summary_statistics_data_from_articles.csv,CR_Up_Ca_LSD_kg_ha,(unmapped),(unmapped)
1Summary_statistics_data_from_articles.csv,CR_Up_Mg_mean_kg_ha,(unmapped),(unmapped)
1Summary_statistics_data_from_articles.csv,CR_Up_Mg_sd_kg_ha,(unmapped),(unmapped)
1Summary_statistics_data_from_articles.csv,CR_Up_Mg_SE_kg_ha,(unmapped),(unmapped)
1Summary_statistics_data_from_articles.csv,CR_Up_Mg_LSD_kg_ha,(unmapped),(unmapped)
1Summary_statistics_data_from_articles.csv,CR_Up_B_mean_kg_ha,(unmapped),(unmapped)
1Summary_statistics_data_from_articles.csv,CR_Up_B_sd_kg_ha,(unmapped),(unmapped)
1Summary_statistics_data_from_articles.csv,CR_Up_B_SE_kg_ha,(unmapped),(unmapped)
1Summary_statistics_data_from_articles.csv,CR_Up_B_LSD_kg_ha,(unmapped),(unmapped)
1Summary_statistics_data_from_articles.csv,CR_Up_Cl_mean_kg_ha,(unmapped),(unmapped)
1Summary_statistics_data_from_articles.csv,CR_Up_Cl_sd_kg_ha,(unmapped),(unmapped)
1Summary_statistics_data_from_articles.csv,CR_Up_Cl_SE_kg_ha,(unmapped),(unmapped)
1Summary_statistics_data_from_articles.csv,CR_Up_Cl_LSD_kg_ha,(unmapped),(unmapped)
1Summary_statistics_data_from_articles.csv,CR_Up_Cu_mean_kg_ha,(unmapped),(unmapped)
1Summary_statistics_data_from_articles.csv,CR_Up_Cu_sd_kg_ha,(unmapped),(unmapped)
1Summary_statistics_data_from_articles.csv,CR_Up_Cu_SE_kg_ha,(unmapped),(unmapped)
1Summary_statistics_data_from_articles.csv,CR_Up_Cu_LSD_kg_ha,(unmapped),(unmapped)
1Summary_statistics_data_from_articles.csv,CR_Up_Fe_mean_kg_ha,(unmapped),(unmapped)
1Summary_statistics_data_from_articles.csv,CR_Up_Fe_sd_kg_ha,(unmapped),(unmapped)
1Summary_statistics_data_from_articles.csv,CR_Up_Fe_SE_kg_ha,(unmapped),(unmapped)
1Summary_statistics_data_from_articles.csv,CR_Up_Fe_LSD_kg_ha,(unmapped),(unmapped)
1Summary_statistics_data_from_articles.csv,CR_Up_Mn_mean_kg_ha,(unmapped),(unmapped)
1Summary_statistics_data_from_articles.csv,CR_Up_Mn_sd_kg_ha,(unmapped),(unmapped)
1Summary_statistics_data_from_articles.csv,CR_Up_Mn_SE_kg_ha,(unmapped),(unmapped)
1Summary_statistics_data_from_articles.csv,CR_Up_Mn_LSD_kg_ha,(unmapped),(unmapped)
1Summary_statistics_data_from_articles.csv,CR_Up_Mo_mean_kg_ha,(unmapped),(unmapped)
1Summary_statistics_data_from_articles.csv,CR_Up_Mo_sd_kg_ha,(unmapped),(unmapped)
1Summary_statistics_data_from_articles.csv,CR_Up_Mo_SE_kg_ha,(unmapped),(unmapped)
1Summary_statistics_data_from_articles.csv,CR_Up_Mo_LSD_kg_ha,(unmapped),(unmapped)
1Summary_statistics_data_from_articles.csv,CR_Up_Zn_mean_kg_ha,(unmapped),(unmapped)
1Summary_statistics_data_from_articles.csv,CR_Up_Zn_sd_kg_ha,(unmapped),(unmapped)
1Summary_statistics_data_from_articles.csv,CR_Up_Zn_SE_kg_ha,(unmapped),(unmapped)
1Summary_statistics_data_from_articles.csv,CR_Up_Zn_LSD_kg_ha,(unmapped),(unmapped)
1Summary_statistics_data_from_articles.csv,CPCon_Prot_method_Name_nutrient_test,(unmapped),(unmapped)
1Summary_statistics_data_from_articles.csv,CPCon_N_method_Name_nutrient_test,(unmapped),(unmapped)
1Summary_statistics_data_from_articles.csv,CPCon_P_method_Name_nutrient_test,(unmapped),(unmapped)
1Summary_statistics_data_from_articles.csv,CPCon_K_method_Name_nutrient_test,(unmapped),(unmapped)
1Summary_statistics_data_from_articles.csv,CPCon_S_method_Name_nutrient_test,(unmapped),(unmapped)
1Summary_statistics_data_from_articles.csv,CPCon_Ca_method_Name_nutrient_test,(unmapped),(unmapped)
1Summary_statistics_data_from_articles.csv,CPCon_Mg_method_Name_nutrient_test,(unmapped),(unmapped)
1Summary_statistics_data_from_articles.csv,CPCon_B_method_Name_nutrient_test,(unmapped),(unmapped)
1Summary_statistics_data_from_articles.csv,CPCon_Cl_method_Name_nutrient_test,(unmapped),(unmapped)
1Summary_statistics_data_from_articles.csv,CPCon_Cu_method_Name_nutrient_test,(unmapped),(unmapped)
1Summary_statistics_data_from_articles.csv,CPCon_Fe_method_Name_nutrient_test,(unmapped),(unmapped)
1Summary_statistics_data_from_articles.csv,CPCon_Mn_method_Name_nutrient_test,(unmapped),(unmapped)
1Summary_statistics_data_from_articles.csv,CPCon_Mo_method_Name_nutrient_test,(unmapped),(unmapped)
1Summary_statistics_data_from_articles.csv,CPCon_Zn_method_Name_nutrient_test,(unmapped),(unmapped)
1Summary_statistics_data_from_articles.csv,CRCon_Prot_method_Name_nutrient_test,(unmapped),(unmapped)
1Summary_statistics_data_from_articles.csv,CRCon_N_method_Name_nutrient_test,(unmapped),(unmapped)
1Summary_statistics_data_from_articles.csv,CRCon_P_method_Name_nutrient_test,(unmapped),(unmapped)
1Summary_statistics_data_from_articles.csv,CRCon_K_method_Name_nutrient_test,(unmapped),(unmapped)
1Summary_statistics_data_from_articles.csv,CRCon_S_method_Name_nutrient_test,(unmapped),(unmapped)
1Summary_statistics_data_from_articles.csv,CRCon_Ca_method_Name_nutrient_test,(unmapped),(unmapped)
1Summary_statistics_data_from_articles.csv,CRCon_Mg_method_Name_nutrient_test,(unmapped),(unmapped)
1Summary_statistics_data_from_articles.csv,CRCon_B_method_Name_nutrient_test,(unmapped),(unmapped)
1Summary_statistics_data_from_articles.csv,CRCon_Cl_method_Name_nutrient_test,(unmapped),(unmapped)
1Summary_statistics_data_from_articles.csv,CRCon_Cu_method_Name_nutrient_test,(unmapped),(unmapped)
1Summary_statistics_data_from_articles.csv,CRCon_Fe_method_Name_nutrient_test,(unmapped),(unmapped)
1Summary_statistics_data_from_articles.csv,CRCon_Mn_method_Name_nutrient_test,(unmapped),(unmapped)
1Summary_statistics_data_from_articles.csv,CRCon_Mo_method_Name_nutrient_test,(unmapped),(unmapped)
1Summary_statistics_data_from_articles.csv,CRCon_Zn_method_Name_nutrient_test,(unmapped),(unmapped)
1Summary_statistics_data_from_articles.csv,CP+CR_Up_N_mean_kg_ha,(unmapped),(unmapped)
20 May 2026_Irrigation Database.xlsx,Site,Location,C. Experimental Design
20 May 2026_Irrigation Database.xlsx,offseason,Season,B. Crop Information
20 May 2026_Irrigation Database.xlsx,Irrigation,Irrigation_Method,Y. Irrigation & Management
20 May 2026_Irrigation Database.xlsx,Rep,Replications,C. Experimental Design
20 May 2026_Irrigation Database.xlsx,Year,Year,A. Paper Metadata
20 May 2026_Irrigation Database.xlsx,Year2,(unmapped),(unmapped)
20 May 2026_Irrigation Database.xlsx,Wet yield (t/ha),Yield_per_Hectare,H. Yield Parameters
20 May 2026_Irrigation Database.xlsx,System rice equivalent yield (t/ha),Yield_per_Hectare,H. Yield Parameters
20 May 2026_Irrigation Database.xlsx,System benefit (USD/ha),System_Benefit_USD_ha,W. Economic Parameters
20 May 2026_Irrigation Database.xlsx,System benefit cost ratio,Benefit_Cost_Ratio,W. Economic Parameters
20 May 2026_Irrigation Database.xlsx,Off-season contribution to system benefit (%),Off_Season_Contribution_Pct,W. Economic Parameters
20 May 2026_Irrigation Database.xlsx,Water amount (mm),Rainfall,D. Environment
20 May 2026_Irrigation Database.xlsx,System water use efficiency (kg/m3/ha),System_Water_Use_Efficiency,W. Economic Parameters
Articel_Supporting_Data.xlsx,Soil pH,Soil_pH,E. Soil Properties
Articel_Supporting_Data.xlsx,2019,(unmapped),(unmapped)
Articel_Supporting_Data.xlsx,2020,(unmapped),(unmapped)
Articel_Supporting_Data.xlsx,AP (mg/kg),Phosphorus,E. Soil Properties
Articel_Supporting_Data.xlsx,2019.1,(unmapped),(unmapped)
Articel_Supporting_Data.xlsx,2020.1,(unmapped),(unmapped)
data_dictionary.csv,"original;""de"";""fr"";""en""",(unmapped),(unmapped)
Data_for_correlation.csv,plant height,(unmapped),(unmapped)
Data_for_correlation.csv,leaves,(unmapped),(unmapped)
Data_for_correlation.csv,branches,Branches,G. Crop Growth Parameters
Data_for_correlation.csv,dry matter,(unmapped),(unmapped)
Data_for_correlation.csv,P content,(unmapped),(unmapped)
Data_for_correlation.csv,N content,(unmapped),(unmapped)
Data_for_correlation.csv,P uptake,(unmapped),(unmapped)
Data_for_correlation.csv,N uptake,(unmapped),(unmapped)
Data_for_correlation.csv,pods,(unmapped),(unmapped)
Data_for_correlation.csv,seeds/pod,(unmapped),(unmapped)
Data_for_correlation.csv,seed yield,(unmapped),(unmapped)
Data_for_correlation.csv,stover yield,(unmapped),(unmapped)
Data_for_correlation.csv,PUE,Water_Use_Efficiency,K. Engineered Features
Data_for_correlation.csv,NUE,Nitrogen_Use_Efficiency,K. Engineered Features
dataset.xlsx,Crop types,Crop,B. Crop Information
dataset.xlsx,Sample date,Season,B. Crop Information
dataset.xlsx,Soil depth (cm),Soil_Depth_cm,E. Soil Properties
dataset.xlsx,Treatment,Treatment,F. Fertilizer Information
dataset.xlsx,Basal SOC mineralization,SOC_Mineralization,O. Soil Biological Properties
dataset.xlsx,Residue/root C decomposition,Residue_C_Decomposition,O. Soil Biological Properties
dataset.xlsx,PE,Potential_Evapotranspiration,O. Soil Biological Properties
DRYAD_DATA_FINAL.csv,Year,Year,A. Paper Metadata
DRYAD_DATA_FINAL.csv,Plot,(unmapped),(unmapped)
DRYAD_DATA_FINAL.csv,Block,Block,C. Experimental Design
DRYAD_DATA_FINAL.csv,Treatment,Treatment,F. Fertilizer Information
DRYAD_DATA_FINAL.csv,Cover crop,Cover_Crop,B. Crop Information
DRYAD_DATA_FINAL.csv,June_DM_(kg/ha),(unmapped),(unmapped)
DRYAD_DATA_FINAL.csv,June_Ncontent,(unmapped),(unmapped)
DRYAD_DATA_FINAL.csv,June_Nuptake _(kg/ha),(unmapped),(unmapped)
DRYAD_DATA_FINAL.csv,July_DM_(kg/ha),(unmapped),(unmapped)
DRYAD_DATA_FINAL.csv,July_Ncontent,(unmapped),(unmapped)
DRYAD_DATA_FINAL.csv,July_Nuptake_(kg/ha),(unmapped),(unmapped)
DRYAD_DATA_FINAL.csv,Aug_DM_(kg/ha),(unmapped),(unmapped)
DRYAD_DATA_FINAL.csv,Aug _Ncontent,(unmapped),(unmapped)
DRYAD_DATA_FINAL.csv,Aug_Nuptake_(kg/ha),(unmapped),(unmapped)
DRYAD_DATA_FINAL.csv,Yield_13%_moisture,Yield_13pct_Moisture,H. Yield Parameters
Growth_Parameters_Dryad.csv,Treatment,Treatment,F. Fertilizer Information
Growth_Parameters_Dryad.csv,PlantHeight_30DAS_cm,(unmapped),(unmapped)
Growth_Parameters_Dryad.csv,PlantHeight_60DAS_cm,(unmapped),(unmapped)
Growth_Parameters_Dryad.csv,PlantHeight_90DAS_cm,(unmapped),(unmapped)
Growth_Parameters_Dryad.csv,Leaves_30DAS,(unmapped),(unmapped)
Growth_Parameters_Dryad.csv,Leaves_60DAS,(unmapped),(unmapped)
Growth_Parameters_Dryad.csv,Leaves_90DAS,(unmapped),(unmapped)
Growth_Parameters_Dryad.csv,Branches_30DAS,(unmapped),(unmapped)
Growth_Parameters_Dryad.csv,Branches_60DAS,(unmapped),(unmapped)
Growth_Parameters_Dryad.csv,Branches_90DAS,(unmapped),(unmapped)
Joshua.csv,"BZ_index;""BZ_lang"";""BZ"";""Region"";""Bio"";""Extenso"";""GrKl"";""LeistKl"";""Jahr"";""N"";""Groesse"";""I(kgErtragTotal/Groesse)"";""I(kgVerkaufTotal/Groesse)"";""I(kgMilchProd/TiereMilch)"";""I(kgMilchVerk/Groesse)"";""I(Leist_tot/Groesse)"";""I(Leist_DB_tot/Groesse)"";""I(Leist_Prod_Fl/Groesse)"";""I(Leist_Andere_Fl/Groesse)"";""I(Leist_Dz_Anbau_Fl/Groesse)"";""I(Leist_Dz_Extenso_Fl/Groesse)"";""I(Leist_Dz_andere_Fl/Groesse)"";""I(Leist_Prod_Ti/Groesse)"";""I(Leist_Milch_Ti/Groesse)"";""I(Leist_Eier_Ti/Groesse)"";""I(Leist_Tier_Ti/Groesse)"";""I(Leist_HaltePflanzenSonstRafu_Ti/Groesse)"";""I(Leist_HaltePflanzenSonstNonRafu_Ti/Groesse)"";""I(Leist_DzBetr_tot/Groesse)"";""I(Leist_DzBetr_KulturVersorg/Groesse)"";""I(Leist_DzBetr_BiodivLandqualBio/Groesse)"";""I(Leist_DzBetr_andere/Groesse)"";""I(Leist_DzBetr_AlpSoemm/Groesse)"";""I(Leist_Dz_Ti/Groesse)"";""I(Kosten_tot/Groesse)"";""I(Dk_tot/Groesse)"";""I(Dk_Saatgut/Groesse)"";""I(Dk_Duenger/Groesse)"";""I(Dk_Pflanzenschutz/Groesse)"";""I(Dk_Ergaenzungsfutter/Groesse)"";""I(Dk_Tierarzt_u_Besamung/Groesse)"";""I(Dk_Tierzukauf/Groesse)"";""I(Dk_Fl/Groesse)"";""I(Dk_Andere/Groesse)"";""I(FlaechenCHF/Groesse)"";""I(Flaechen/Groesse)"";""I(Gk_tot/Groesse)"";""I(Gk_ArbeitCHF/Groesse)"";""I(Gk_Maschinen/Groesse)"";""I(Gk_Gebaeude/Groesse)"";""I(Gk_sonstigeSK/Groesse)"";""I(Gk_GebUndSonst/Groesse)"";""I(Gk_Fl/Groesse)"";""I(DB_BZ/Groesse)"";""I(Gewinn/Groesse)"";""I(AV/Groesse)"";""I(Gk_ArbeitH/Groesse)"";""I(Gk_ArbeitSek/Groesse)"";""I(AV/Gk_ArbeitH)"";""kgErtragTotal"";""kgVerkaufTotal"";""kgMilchProd"";""TiereMilch"";""kgMilchVerk"";""Leist_tot"";""Leist_DB_tot"";""Leist_Prod_Fl"";""Leist_Andere_Fl"";""Leist_Dz_Anbau_Fl"";""Leist_Dz_Extenso_Fl"";""Leist_Dz_andere_Fl"";""Leist_Prod_Ti"";""Leist_Milch_Ti"";""Leist_Eier_Ti"";""Leist_Tier_Ti"";""Leist_HaltePflanzenSonstRafu_Ti"";""Leist_HaltePflanzenSonstNonRafu_Ti"";""Leist_DzBetr_tot"";""Leist_DzBetr_KulturVersorg"";""Leist_DzBetr_BiodivLandqualBio"";""Leist_DzBetr_andere"";""Leist_DzBetr_AlpSoemm"";""Leist_Dz_Ti"";""Kosten_tot"";""Dk_tot"";""Dk_Saatgut"";""Dk_Duenger"";""Dk_Pflanzenschutz"";""Dk_Ergaenzungsfutter"";""Dk_Tierarzt_u_Besamung"";""Dk_Tierzukauf"";""Dk_Fl"";""Dk_Andere"";""FlaechenCHF"";""Flaechen"";""Gk_tot"";""Gk_ArbeitCHF"";""Gk_Maschinen"";""Gk_Gebaeude"";""Gk_sonstigeSK"";""Gk_GebUndSonst"";""Gk_Fl"";""DB_BZ"";""Gewinn"";""AV"";""Gk_ArbeitH"";""Gk_ArbeitSek"";""kgMilchVerkProGve"";""kgVerkaufProHa""",(unmapped),(unmapped)
Meta_data_Summary_statistics_data_from_articles (2).csv,Order,(unmapped),(unmapped)
Meta_data_Summary_statistics_data_from_articles (2).csv,Column,(unmapped),(unmapped)
Meta_data_Summary_statistics_data_from_articles (2).csv,Units,(unmapped),(unmapped)
Meta_data_Summary_statistics_data_from_articles (2).csv,Class,(unmapped),(unmapped)
Meta_data_Summary_statistics_data_from_articles (2).csv,Notes,(unmapped),(unmapped)
Meta_data_Summary_statistics_data_from_articles.csv,Order,(unmapped),(unmapped)
Meta_data_Summary_statistics_data_from_articles.csv,Column,(unmapped),(unmapped)
Meta_data_Summary_statistics_data_from_articles.csv,Units,(unmapped),(unmapped)
Meta_data_Summary_statistics_data_from_articles.csv,Class,(unmapped),(unmapped)
Meta_data_Summary_statistics_data_from_articles.csv,Notes,(unmapped),(unmapped)
Net_Profit.csv,Treatment,Treatment,F. Fertilizer Information
Net_Profit.csv,Total Cost (Rs/ha ),(unmapped),(unmapped)
Net_Profit.csv,Total return (Rs/ha),(unmapped),(unmapped)
Net_Profit.csv,Net profit (Rs/ha),(unmapped),(unmapped)
Net_Profit.csv,B:C ratio,(unmapped),(unmapped)
Quality_Parameters_Dryad.csv,Treatment,Treatment,F. Fertilizer Information
Quality_Parameters_Dryad.csv,DryMatter_pct,(unmapped),(unmapped)
Quality_Parameters_Dryad.csv,PContent_pct,(unmapped),(unmapped)
Quality_Parameters_Dryad.csv,NContent_pct,(unmapped),(unmapped)
Quality_Parameters_Dryad.csv,PUptake_kg_ha,(unmapped),(unmapped)
Quality_Parameters_Dryad.csv,NUptake_kg_ha,(unmapped),(unmapped)
Quality_Parameters_Dryad.csv,PUE_pct,(unmapped),(unmapped)
Quality_Parameters_Dryad.csv,NUE_pct,(unmapped),(unmapped)
Soil_Analysis_Dryad.csv,Section,(unmapped),(unmapped)
Soil_Analysis_Dryad.csv,Number,(unmapped),(unmapped)
Soil_Analysis_Dryad.csv,Parameter,(unmapped),(unmapped)
Soil_Analysis_Dryad.csv,Value,(unmapped),(unmapped)
Soil_Analysis_Dryad.csv,Method,(unmapped),(unmapped)
Summary_statistics_data_from_articles.csv,Article_ID,(unmapped),(unmapped)
Summary_statistics_data_from_articles.csv,First_author_name,Authors,A. Paper Metadata
Summary_statistics_data_from_articles.csv,Second_author_name,(unmapped),(unmapped)
Summary_statistics_data_from_articles.csv,Year_published,(unmapped),(unmapped)
Summary_statistics_data_from_articles.csv,Journal_title,Journal,A. Paper Metadata
Summary_statistics_data_from_articles.csv,Title_of_article,Title,A. Paper Metadata
Summary_statistics_data_from_articles.csv,Journal_vol,(unmapped),(unmapped)
Summary_statistics_data_from_articles.csv,Journal_iss,(unmapped),(unmapped)
Summary_statistics_data_from_articles.csv,Page_numbers,(unmapped),(unmapped)
Summary_statistics_data_from_articles.csv,Table_number,(unmapped),(unmapped)
Summary_statistics_data_from_articles.csv,Figure_number,(unmapped),(unmapped)
Summary_statistics_data_from_articles.csv,DOI,DOI,A. Paper Metadata
Summary_statistics_data_from_articles.csv,Website,(unmapped),(unmapped)
Summary_statistics_data_from_articles.csv,Data_type,(unmapped),(unmapped)
Summary_statistics_data_from_articles.csv,Article_quality,(unmapped),(unmapped)
Summary_statistics_data_from_articles.csv,Experiment_Number,(unmapped),(unmapped)
Summary_statistics_data_from_articles.csv,Year_experiment,(unmapped),(unmapped)
Summary_statistics_data_from_articles.csv,Data_license_no,(unmapped),(unmapped)
Summary_statistics_data_from_articles.csv,Dataset_ID,(unmapped),(unmapped)
Summary_statistics_data_from_articles.csv,Plot_area,Plot_Size,C. Experimental Design
Summary_statistics_data_from_articles.csv,Block,Block,C. Experimental Design
Summary_statistics_data_from_articles.csv,Number_years_data,(unmapped),(unmapped)
Summary_statistics_data_from_articles.csv,Experimental_design_Description,Design,C. Experimental Design
Summary_statistics_data_from_articles.csv,Experimental_objective_Description,Experiment_Objective,C. Experimental Design
Summary_statistics_data_from_articles.csv,Description_treatment_Description,Treatment,F. Fertilizer Information
Summary_statistics_data_from_articles.csv,Treatment_Name,Treatment,F. Fertilizer Information
Summary_statistics_data_from_articles.csv,Control_treatment_Yes_No,(unmapped),(unmapped)
Summary_statistics_data_from_articles.csv,Replicate_n,Replications,C. Experimental Design
Summary_statistics_data_from_articles.csv,Replicate_num,Replications,C. Experimental Design
Summary_statistics_data_from_articles.csv,Country,Country,A. Paper Metadata
Summary_statistics_data_from_articles.csv,State_province,State,C. Experimental Design
Summary_statistics_data_from_articles.csv,Nearest_town_city,Site,C. Experimental Design
Summary_statistics_data_from_articles.csv,GPS_coordinates_altitude,Altitude,D. Environment
Summary_statistics_data_from_articles.csv,GPS_lat_DD,Latitude,D. Environment
Summary_statistics_data_from_articles.csv,GPS_long_DD,Longitude,D. Environment
Summary_statistics_data_from_articles.csv,Annual_rainfall_mean_mm_year,Rainfall,D. Environment
Summary_statistics_data_from_articles.csv,Actual_rainfall_during trial_mm,Rainfall,D. Environment
Summary_statistics_data_from_articles.csv,Irrigation_method_Name,Irrigation_Method,Y. Irrigation & Management
Summary_statistics_data_from_articles.csv,Actual_irrigation_mm,Irrigation_mm,Y. Irrigation & Management
Summary_statistics_data_from_articles.csv,Soil_moisture_%_WHC,Soil_Moisture,O. Soil Biological Properties
Summary_statistics_data_from_articles.csv,Soil_clay_%,Soil_Clay_Pct,E. Soil Properties
Summary_statistics_data_from_articles.csv,Soil_silt_%,Soil_Silt_Pct,E. Soil Properties
Summary_statistics_data_from_articles.csv,Soil_sand_%,Soil_Sand_Pct,E. Soil Properties
Summary_statistics_data_from_articles.csv,Soil_texture_Name,Soil_Texture,E. Soil Properties
Summary_statistics_data_from_articles.csv,Soil_class_Name,(unmapped),(unmapped)
Summary_statistics_data_from_articles.csv,Soil_pH_H2O_1:1_Number,Soil_pH,E. Soil Properties
Summary_statistics_data_from_articles.csv,Soil_pH_H2O_1:2.5_Number,Soil_pH,E. Soil Properties
Summary_statistics_data_from_articles.csv,Soil_pH_H2O_1:5_Number,(unmapped),(unmapped)
Summary_statistics_data_from_articles.csv,Soil_pH_CaCl2_Number,Soil_pH_CaCl2,Z. Soil pH Variants
Summary_statistics_data_from_articles.csv,Soil_Bulk_density_mg_cm3,Soil_Bulk_Density,E. Soil Properties
Summary_statistics_data_from_articles.csv,Soil_SOC_K2Cr2O7_g_C_kg,Organic_Carbon,E. Soil Properties
Summary_statistics_data_from_articles.csv,Soil_NC_Kjeldahl_g_N_kg,Soil_Nitrogen_Kjeldahl,O. Soil Biological Properties
Summary_statistics_data_from_articles.csv,Soil_Carbon_Wakley_Black_g_C_kg,(unmapped),(unmapped)
Summary_statistics_data_from_articles.csv,Soil_Carbon_test_1_g_C_kg,(unmapped),(unmapped)
Summary_statistics_data_from_articles.csv,Soil_N_(Parco2020)_kg_N_ha,Soil_N_Parco2020,O. Soil Biological Properties
Summary_statistics_data_from_articles.csv,Soil_N_(De Silva 2008)_kg_N_ha,Soil_N_DeSilva2008,O. Soil Biological Properties
Summary_statistics_data_from_articles.csv,Soil_K_(Black)_kg_K_ha,Potassium,E. Soil Properties
Summary_statistics_data_from_articles.csv,Soil_S_available_mg_S_kg,(unmapped),(unmapped)
Summary_statistics_data_from_articles.csv,Soil_S_Mehlich-3_mg_S_kg,(unmapped),(unmapped)
Summary_statistics_data_from_articles.csv,Soil_S_(Method 2)_mg_S_kg,(unmapped),(unmapped)
Summary_statistics_data_from_articles.csv,Soil_P_Olsen_mg_kg,Phosphorus,E. Soil Properties
Summary_statistics_data_from_articles.csv,Soil_P_Bray_1_mg_P_kg,Phosphorus,E. Soil Properties
Summary_statistics_data_from_articles.csv,Soil_P_Bray_2_mg_P_kg,Phosphorus,E. Soil Properties
Summary_statistics_data_from_articles.csv,Soil_P_Mehlich-3_mg_P_kg,Phosphorus,E. Soil Properties
Summary_statistics_data_from_articles.csv,Soil_K_dry_mg_K_kg,Potassium,E. Soil Properties
Summary_statistics_data_from_articles.csv,Soil_K_wet_mg_K_kg,Potassium,E. Soil Properties
Summary_statistics_data_from_articles.csv,Soil_K_exchangeable_mg_K_kg,Potassium,E. Soil Properties
Summary_statistics_data_from_articles.csv,Soil_K_(Mehlich-3)_mg_K_kg,Potassium,E. Soil Properties
Summary_statistics_data_from_articles.csv,Soil_K_(Method 1)_mg_K_kg,(unmapped),(unmapped)
Summary_statistics_data_from_articles.csv,Soil_FE_DETPA_extractable_mg_kg,Iron,E. Soil Properties
Summary_statistics_data_from_articles.csv,Soil_Zn_DETPA_extractable_mg_kg,Zinc,E. Soil Properties
Summary_statistics_data_from_articles.csv,Soil_Ca_Mehlich-3_mg_Ca_kg,Calcium_Mehlich3,S. Soil Exchangeable Cations
Summary_statistics_data_from_articles.csv,Soil_pH_KCl_Number,Soil_pH_KCl,Z. Soil pH Variants
Summary_statistics_data_from_articles.csv,Soil_OM_%,Organic_Matter,E. Soil Properties
Summary_statistics_data_from_articles.csv,Soil_N_Alkaline_permanganate_kg_N_ha,Soil_Nitrogen_Alkaline_Permanganate,O. Soil Biological Properties
Summary_statistics_data_from_articles.csv,Soil_Cu_DETPA_extractable_mg_kg,Copper,E. Soil Properties
Summary_statistics_data_from_articles.csv,Soil_Mn_DETPA_extractable_mg_kg,Manganese,E. Soil Properties
Summary_statistics_data_from_articles.csv,Soil_NO3-_(Dumas_method)_mg_kg,(unmapped),(unmapped)
Summary_statistics_data_from_articles.csv,Soil_NH4+_(Dumas_method)_mg_kg,(unmapped),(unmapped)
Summary_statistics_data_from_articles.csv,Soil_Ca_(ammonium_acetate)_mg_kg,(unmapped),(unmapped)
Summary_statistics_data_from_articles.csv,Soil_Mg_(ammonium_acetate)_mg_kg,(unmapped),(unmapped)
Summary_statistics_data_from_articles.csv,Soil_K_(ammonium_acetate)_mg_kg,(unmapped),(unmapped)
Summary_statistics_data_from_articles.csv,Cultivation_method_Name,Cultivation_Method,Y. Irrigation & Management
Summary_statistics_data_from_articles.csv,Previous_crop_Name,Previous_Crop,B. Crop Information
Summary_statistics_data_from_articles.csv,Sowing_date_DD_MM_YY,(unmapped),(unmapped)
Summary_statistics_data_from_articles.csv,Harvest_date_DD_MM_YY,(unmapped),(unmapped)
Summary_statistics_data_from_articles.csv,Date_sowing_YYYYMMDD,(unmapped),(unmapped)
Summary_statistics_data_from_articles.csv,Date_harvest_YYYYMMDD,(unmapped),(unmapped)
Summary_statistics_data_from_articles.csv,Latin_name,Scientific_Name,B. Crop Information
Summary_statistics_data_from_articles.csv,Crop_original,Crop,B. Crop Information
Summary_statistics_data_from_articles.csv,Crop_standardised,Crop,B. Crop Information
Summary_statistics_data_from_articles.csv,Crop_variety,(unmapped),(unmapped)
Summary_statistics_data_from_articles.csv,Crop_variety_release_Year,(unmapped),(unmapped)
Summary_statistics_data_from_articles.csv,Crop_variety_other,(unmapped),(unmapped)
Summary_statistics_data_from_articles.csv,Intercrop_name_Name,(unmapped),(unmapped)
Summary_statistics_data_from_articles.csv,Sow_density_Seeds_m2,Sowing_Density,Y. Irrigation & Management
Summary_statistics_data_from_articles.csv,Harvest_density_Plants_m2,Harvest_Density,Y. Irrigation & Management
Summary_statistics_data_from_articles.csv,Fertiliser_type_Name,Fertilizer_Name,F. Fertilizer Information
Summary_statistics_data_from_articles.csv,Fertiliser_N_kg_N_ha,Nitrogen,E. Soil Properties
Summary_statistics_data_from_articles.csv,Fertiliser_P_kg_P_ha,Phosphorus,E. Soil Properties
Summary_statistics_data_from_articles.csv,Fertiliser_K_kg_K_ha,Potassium,E. Soil Properties
Summary_statistics_data_from_articles.csv,Fertiliser_S_kg_S_ha,Sulphur,E. Soil Properties
Summary_statistics_data_from_articles.csv,Fertiliser_Ca_kg_Ca_ha,Fertilizer_Calcium,F. Fertilizer Information
Summary_statistics_data_from_articles.csv,Fertiliser_Mg_kg_Mg_ha,Fertilizer_Magnesium,F. Fertilizer Information
Summary_statistics_data_from_articles.csv,Fertiliser_B_kg_B_ha,Fertilizer_Boron,F. Fertilizer Information
Summary_statistics_data_from_articles.csv,Fertiliser_Cl_kg_Cl_ha,Fertilizer_Chlorine,F. Fertilizer Information
Summary_statistics_data_from_articles.csv,Fertiliser_Cu_kg_Cu_ha,(unmapped),(unmapped)
Summary_statistics_data_from_articles.csv,Fertiliser_Fe_kg_Fe_ha,Iron,E. Soil Properties
Summary_statistics_data_from_articles.csv,Fertiliser_Mn_kg_Mn_ha,(unmapped),(unmapped)
Summary_statistics_data_from_articles.csv,Fertiliser_Mo_kg_Mo_ha,Fertilizer_Molybdenum,F. Fertilizer Information
Summary_statistics_data_from_articles.csv,Fertiliser_Zn_kg_Zn_ha,Zinc,E. Soil Properties
Summary_statistics_data_from_articles.csv,N_fixation_kg_N_ha,N_Fixation,Y. Irrigation & Management
Summary_statistics_data_from_articles.csv,pc_Ndfa_%,(unmapped),(unmapped)
Summary_statistics_data_from_articles.csv,CPY_mean_kg_fresh_ha,Yield_per_Hectare,H. Yield Parameters
Summary_statistics_data_from_articles.csv,CPY_sd_kg_fresh_ha,Yield_per_Hectare,H. Yield Parameters
Summary_statistics_data_from_articles.csv,CPY_SE_kg_fresh_ha,Yield_per_Hectare,H. Yield Parameters
Summary_statistics_data_from_articles.csv,CPY_LSD_kg_fresh_ha,Yield_per_Hectare,H. Yield Parameters
Summary_statistics_data_from_articles.csv,CobY_mean_kg_fresh_ha,Yield_per_Hectare,H. Yield Parameters
Summary_statistics_data_from_articles.csv,CobY_sd_kg_fresh_ha,(unmapped),(unmapped)
Summary_statistics_data_from_articles.csv,CobY_SE_kg_fresh_ha,(unmapped),(unmapped)
Summary_statistics_data_from_articles.csv,CobY_LSD_kg_fresh_ha,(unmapped),(unmapped)
Summary_statistics_data_from_articles.csv,CRY_mean_kg_fresh_ha,Yield_per_Hectare,H. Yield Parameters
Summary_statistics_data_from_articles.csv,CRY_sd_kg_fresh_ha,(unmapped),(unmapped)
Summary_statistics_data_from_articles.csv,CRY_SE_kg_fresh_ha,(unmapped),(unmapped)
Summary_statistics_data_from_articles.csv,CRY_LSD_kg_fresh_ha,(unmapped),(unmapped)
Summary_statistics_data_from_articles.csv,AGY_mean_kg_fresh_ha,Yield_per_Hectare,H. Yield Parameters
Summary_statistics_data_from_articles.csv,AGY_sd_kg_fresh_ha,Yield_per_Hectare,H. Yield Parameters
Summary_statistics_data_from_articles.csv,AGY_SE_kg_fresh_ha,Yield_per_Hectare,H. Yield Parameters
Summary_statistics_data_from_articles.csv,AGY_LSD_kg_fresh_ha,Yield_per_Hectare,H. Yield Parameters
Summary_statistics_data_from_articles.csv,CPY_mean_kg_DM_ha,Biomass_Yield,H. Yield Parameters
Summary_statistics_data_from_articles.csv,CPY_sd_kg_DM_ha,(unmapped),(unmapped)
Summary_statistics_data_from_articles.csv,CPY_SE_kg_DM_ha,(unmapped),(unmapped)
Summary_statistics_data_from_articles.csv,CPY_LSD_kg_DM_ha,(unmapped),(unmapped)
Summary_statistics_data_from_articles.csv,CobY_mean_kg_DM_ha,(unmapped),(unmapped)
Summary_statistics_data_from_articles.csv,CobY_sd_kg_DM_ha,(unmapped),(unmapped)
Summary_statistics_data_from_articles.csv,CobY_SE_kg_DM_ha,(unmapped),(unmapped)
Summary_statistics_data_from_articles.csv,CobY_LSD_kg_DM_ha,(unmapped),(unmapped)
Summary_statistics_data_from_articles.csv,CRY_mean_kg_DM_ha,(unmapped),(unmapped)
Summary_statistics_data_from_articles.csv,CRY_sd_kg_DM_ha,(unmapped),(unmapped)
Summary_statistics_data_from_articles.csv,CRY_SE_kg_DM_ha,(unmapped),(unmapped)
Summary_statistics_data_from_articles.csv,CRY_LSD_kg_DM_ha,(unmapped),(unmapped)
Summary_statistics_data_from_articles.csv,AGY_mean_kg_DM_ha,Biomass_Yield,H. Yield Parameters
Summary_statistics_data_from_articles.csv,AGY_sd_kg_DM_ha,(unmapped),(unmapped)
Summary_statistics_data_from_articles.csv,AGY_SE_kg_DM_ha,(unmapped),(unmapped)
Summary_statistics_data_from_articles.csv,AGY_LSD_kg_DM_ha,(unmapped),(unmapped)
Summary_statistics_data_from_articles.csv,HI_mean_Unitless,Harvest_Index,H. Yield Parameters
Summary_statistics_data_from_articles.csv,HI_sd_Unitless,(unmapped),(unmapped)
Summary_statistics_data_from_articles.csv,HI_SE_Unitless,(unmapped),(unmapped)
Summary_statistics_data_from_articles.csv,HI_LSD_Unitless,(unmapped),(unmapped)
Summary_statistics_data_from_articles.csv,CPCon_DM_mean_kg_DM_kg_fresh,(unmapped),(unmapped)
Summary_statistics_data_from_articles.csv,CPCon_DM_sd_kg_DM_kg_fresh,(unmapped),(unmapped)
Summary_statistics_data_from_articles.csv,CPCon_DM_SE_kg_DM_kg_fresh,(unmapped),(unmapped)
Summary_statistics_data_from_articles.csv,CPCon_DM_LSD_kg_DM_kg_fresh,(unmapped),(unmapped)
Summary_statistics_data_from_articles.csv,CPCon_Prot_mean_kg_kg_DM,(unmapped),(unmapped)
Summary_statistics_data_from_articles.csv,CPCon_Prot_sd_kg_kg_DM,(unmapped),(unmapped)
Summary_statistics_data_from_articles.csv,CPCon_Prot_SE_kg_kg_DM,(unmapped),(unmapped)
Summary_statistics_data_from_articles.csv,CPCon_Prot_LSD_kg_kg_DM,(unmapped),(unmapped)
Summary_statistics_data_from_articles.csv,CPCon_N_mean_kg_kg_DM,Nitrogen_Content,I. Grain Quality
Summary_statistics_data_from_articles.csv,CPCon_N_sd_kg_kg_DM,(unmapped),(unmapped)
Summary_statistics_data_from_articles.csv,CPCon_N_SE_kg_kg_DM,(unmapped),(unmapped)
Summary_statistics_data_from_articles.csv,CPCon_N_LSD_kg_kg_DM,(unmapped),(unmapped)
Summary_statistics_data_from_articles.csv,CPCon_P_mean_kg_kg_DM,Phosphorus_Content,I. Grain Quality
Summary_statistics_data_from_articles.csv,CPCon_P_sd_kg_kg_DM,(unmapped),(unmapped)
Summary_statistics_data_from_articles.csv,CPCon_P_SE_kg_kg_DM,(unmapped),(unmapped)
Summary_statistics_data_from_articles.csv,CPCon_P_LSD_kg_kg_DM,(unmapped),(unmapped)
Summary_statistics_data_from_articles.csv,CPCon_K_mean_kg_kg_DM,Potassium_Content,I. Grain Quality
Summary_statistics_data_from_articles.csv,CPCon_K_sd_kg_kg_DM,(unmapped),(unmapped)
Summary_statistics_data_from_articles.csv,CPCon_K_SE_kg_kg_DM,(unmapped),(unmapped)
Summary_statistics_data_from_articles.csv,CPCon_K_LSD_kg_kg_DM,(unmapped),(unmapped)
Summary_statistics_data_from_articles.csv,CPCon_S_mean_kg_kg_DM,(unmapped),(unmapped)
Summary_statistics_data_from_articles.csv,CPCon_S_sd_kg_kg_DM,(unmapped),(unmapped)
Summary_statistics_data_from_articles.csv,CPCon_S_SE_kg_kg_DM,(unmapped),(unmapped)
Summary_statistics_data_from_articles.csv,CPCon_S_LSD_kg_kg_DM,(unmapped),(unmapped)
Summary_statistics_data_from_articles.csv,CPCon_Ca_mean_kg_kg_DM,(unmapped),(unmapped)
Summary_statistics_data_from_articles.csv,CPCon_Ca_sd_kg_kg_DM,(unmapped),(unmapped)
Summary_statistics_data_from_articles.csv,CPCon_Ca_SE_kg_kg_DM,(unmapped),(unmapped)
Summary_statistics_data_from_articles.csv,CPCon_Ca_LSD_kg_kg_DM,(unmapped),(unmapped)
Summary_statistics_data_from_articles.csv,CPCon_Mg_mean_kg_kg_DM,(unmapped),(unmapped)
Summary_statistics_data_from_articles.csv,CPCon_Mg_sd_kg_kg_DM,(unmapped),(unmapped)
Summary_statistics_data_from_articles.csv,CPCon_Mg_SE_kg_kg_DM,(unmapped),(unmapped)
Summary_statistics_data_from_articles.csv,CPCon_Mg_LSD_kg_kg_DM,(unmapped),(unmapped)
Summary_statistics_data_from_articles.csv,CPCon_B_mean_kg_kg_DM,(unmapped),(unmapped)
Summary_statistics_data_from_articles.csv,CPCon_B_sd_kg_kg_DM,(unmapped),(unmapped)
Summary_statistics_data_from_articles.csv,CPCon_B_SE_kg_kg_DM,(unmapped),(unmapped)
Summary_statistics_data_from_articles.csv,CPCon_B_LSD_kg_kg_DM,(unmapped),(unmapped)
Summary_statistics_data_from_articles.csv,CPCon_Cl_mean_kg_kg_DM,(unmapped),(unmapped)
Summary_statistics_data_from_articles.csv,CPCon_Cl_sd_kg_kg_DM,(unmapped),(unmapped)
Summary_statistics_data_from_articles.csv,CPCon_Cl_SE_kg_kg_DM,(unmapped),(unmapped)
Summary_statistics_data_from_articles.csv,CPCon_Cl_LSD_kg_kg_DM,(unmapped),(unmapped)
Summary_statistics_data_from_articles.csv,CPCon_Cu_mean_kg_kg_DM,(unmapped),(unmapped)
Summary_statistics_data_from_articles.csv,CPCon_Cu_sd_kg_kg_DM,(unmapped),(unmapped)
Summary_statistics_data_from_articles.csv,CPCon_Cu_SE_kg_kg_DM,(unmapped),(unmapped)
Summary_statistics_data_from_articles.csv,CPCon_Cu_LSD_kg_kg_DM,(unmapped),(unmapped)
Summary_statistics_data_from_articles.csv,CPCon_Fe_mean_kg_kg_DM,Iron_Content,I. Grain Quality
Summary_statistics_data_from_articles.csv,CPCon_Fe_sd_kg_kg_DM,(unmapped),(unmapped)
Summary_statistics_data_from_articles.csv,CPCon_Fe_SE_kg_kg_DM,(unmapped),(unmapped)
Summary_statistics_data_from_articles.csv,CPCon_Fe_LSD_kg_kg_DM,(unmapped),(unmapped)
Summary_statistics_data_from_articles.csv,CPCon_Mn_mean_kg_kg_DM,(unmapped),(unmapped)
Summary_statistics_data_from_articles.csv,CPCon_Mn_sd_kg_kg_DM,(unmapped),(unmapped)
Summary_statistics_data_from_articles.csv,CPCon_Mn_SE_kg_kg_DM,(unmapped),(unmapped)
Summary_statistics_data_from_articles.csv,CPCon_Mn_LSD_kg_kg_DM,(unmapped),(unmapped)
Summary_statistics_data_from_articles.csv,CPCon_Mo_mean_kg_kg_DM,(unmapped),(unmapped)
Summary_statistics_data_from_articles.csv,CPCon_Mo_sd_kg_kg_DM,(unmapped),(unmapped)
Summary_statistics_data_from_articles.csv,CPCon_Mo_SE_kg_kg_DM,(unmapped),(unmapped)
Summary_statistics_data_from_articles.csv,CPCon_Mo_LSD_kg_kg_DM,(unmapped),(unmapped)
Summary_statistics_data_from_articles.csv,CPCon_Zn_mean_kg_kg_DM,Zinc_Content,I. Grain Quality
Summary_statistics_data_from_articles.csv,CPCon_Zn_sd_kg_kg_DM,(unmapped),(unmapped)
Summary_statistics_data_from_articles.csv,CPCon_Zn_SE_kg_kg_DM,(unmapped),(unmapped)
Summary_statistics_data_from_articles.csv,CPCon_Zn_LSD_kg_kg_DM,(unmapped),(unmapped)
Summary_statistics_data_from_articles.csv,CRCon_Prot_mean_kg_kg_DM,(unmapped),(unmapped)
Summary_statistics_data_from_articles.csv,CRCon_Prot_sd_kg_kg_DM,(unmapped),(unmapped)
Summary_statistics_data_from_articles.csv,CRCon_Prot_SE_kg_kg_DM,(unmapped),(unmapped)
Summary_statistics_data_from_articles.csv,CRCon_Prot_LSD_kg_kg_DM,(unmapped),(unmapped)
Summary_statistics_data_from_articles.csv,CRCon_N_mean_kg_kg_DM,(unmapped),(unmapped)
Summary_statistics_data_from_articles.csv,CRCon_N_sd_kg_kg_DM,(unmapped),(unmapped)
Summary_statistics_data_from_articles.csv,CRCon_N_SE_kg_kg_DM,(unmapped),(unmapped)
Summary_statistics_data_from_articles.csv,CRCon_N_LSD_kg_kg_DM,(unmapped),(unmapped)
Summary_statistics_data_from_articles.csv,CRCon_P_mean_kg_kg_DM,(unmapped),(unmapped)
Summary_statistics_data_from_articles.csv,CRCon_P_sd_kg_kg_DM,(unmapped),(unmapped)
Summary_statistics_data_from_articles.csv,CRCon_P_SE_kg_kg_DM,(unmapped),(unmapped)
Summary_statistics_data_from_articles.csv,CRCon_P_LSD_kg_kg_DM,(unmapped),(unmapped)
Summary_statistics_data_from_articles.csv,CRCon_K_mean_kg_kg_DM,(unmapped),(unmapped)
Summary_statistics_data_from_articles.csv,CRCon_K_sd_kg_kg_DM,(unmapped),(unmapped)
Summary_statistics_data_from_articles.csv,CRCon_K_SE_kg_kg_DM,(unmapped),(unmapped)
Summary_statistics_data_from_articles.csv,CRCon_K_LSD_kg_kg_DM,(unmapped),(unmapped)
Summary_statistics_data_from_articles.csv,CRCon_S_mean_kg_kg_DM,(unmapped),(unmapped)
Summary_statistics_data_from_articles.csv,CRCon_S_sd_kg_kg_DM,(unmapped),(unmapped)
Summary_statistics_data_from_articles.csv,CRCon_S_SE_kg_kg_DM,(unmapped),(unmapped)
Summary_statistics_data_from_articles.csv,CRCon_S_LSD_kg_kg_DM,(unmapped),(unmapped)
Summary_statistics_data_from_articles.csv,CRCon_Ca_mean_kg_kg_DM,(unmapped),(unmapped)
Summary_statistics_data_from_articles.csv,CRCon_Ca_sd_kg_kg_DM,(unmapped),(unmapped)
Summary_statistics_data_from_articles.csv,CRCon_Ca_SE_kg_kg_DM,(unmapped),(unmapped)
Summary_statistics_data_from_articles.csv,CRCon_Ca_LSD_kg_kg_DM,(unmapped),(unmapped)
Summary_statistics_data_from_articles.csv,CRCon_Mg_mean_kg_kg_DM,(unmapped),(unmapped)
Summary_statistics_data_from_articles.csv,CRCon_Mg_sd_kg_kg_DM,(unmapped),(unmapped)
Summary_statistics_data_from_articles.csv,CRCon_Mg_SE_kg_kg_DM,(unmapped),(unmapped)
Summary_statistics_data_from_articles.csv,CRCon_Mg_LSD_kg_kg_DM,(unmapped),(unmapped)
Summary_statistics_data_from_articles.csv,CRCon_B_mean_kg_kg_DM,(unmapped),(unmapped)
Summary_statistics_data_from_articles.csv,CRCon_B_sd_kg_kg_DM,(unmapped),(unmapped)
Summary_statistics_data_from_articles.csv,CRCon_B_SE_kg_kg_DM,(unmapped),(unmapped)
Summary_statistics_data_from_articles.csv,CRCon_B_LSD_kg_kg_DM,(unmapped),(unmapped)
Summary_statistics_data_from_articles.csv,CRCon_Cl_mean_kg_kg_DM,(unmapped),(unmapped)
Summary_statistics_data_from_articles.csv,CRCon_Cl_sd_kg_kg_DM,(unmapped),(unmapped)
Summary_statistics_data_from_articles.csv,CRCon_Cl_SE_kg_kg_DM,(unmapped),(unmapped)
Summary_statistics_data_from_articles.csv,CRCon_Cl_LSD_kg_kg_DM,(unmapped),(unmapped)
Summary_statistics_data_from_articles.csv,CRCon_Cu_mean_kg_kg_DM,(unmapped),(unmapped)
Summary_statistics_data_from_articles.csv,CRCon_Cu_sd_kg_kg_DM,(unmapped),(unmapped)
Summary_statistics_data_from_articles.csv,CRCon_Cu_SE_kg_kg_DM,(unmapped),(unmapped)
Summary_statistics_data_from_articles.csv,CRCon_Cu_LSD_kg_kg_DM,(unmapped),(unmapped)
Summary_statistics_data_from_articles.csv,CRCon_Fe_mean_kg_kg_DM,(unmapped),(unmapped)
Summary_statistics_data_from_articles.csv,CRCon_Fe_sd_kg_kg_DM,(unmapped),(unmapped)
Summary_statistics_data_from_articles.csv,CRCon_Fe_SE_kg_kg_DM,(unmapped),(unmapped)
Summary_statistics_data_from_articles.csv,CRCon_Fe_LSD_kg_kg_DM,(unmapped),(unmapped)
Summary_statistics_data_from_articles.csv,CRCon_Mn_mean_kg_kg_DM,(unmapped),(unmapped)
Summary_statistics_data_from_articles.csv,CRCon_Mn_sd_kg_kg_DM,(unmapped),(unmapped)
Summary_statistics_data_from_articles.csv,CRCon_Mn_SE_kg_kg_DM,(unmapped),(unmapped)
Summary_statistics_data_from_articles.csv,CRCon_Mn_LSD_kg_kg_DM,(unmapped),(unmapped)
Summary_statistics_data_from_articles.csv,CRCon_Mo_mean_kg_kg_DM,(unmapped),(unmapped)
Summary_statistics_data_from_articles.csv,CRCon_Mo_sd_kg_kg_DM,(unmapped),(unmapped)
Summary_statistics_data_from_articles.csv,CRCon_Mo_SE_kg_kg_DM,(unmapped),(unmapped)
Summary_statistics_data_from_articles.csv,CRCon_Mo_LSD_kg_kg_DM,(unmapped),(unmapped)
Summary_statistics_data_from_articles.csv,CRCon_Zn_mean_kg_kg_DM,(unmapped),(unmapped)
Summary_statistics_data_from_articles.csv,CRCon_Zn_sd_kg_kg_DM,(unmapped),(unmapped)
Summary_statistics_data_from_articles.csv,CRCon_Zn_SE_kg_kg_DM,(unmapped),(unmapped)
Summary_statistics_data_from_articles.csv,CRCon_Zn_LSD_kg_kg_DM,(unmapped),(unmapped)
Summary_statistics_data_from_articles.csv,AGCon_Prot_mean_kg_kg_DM,(unmapped),(unmapped)
Summary_statistics_data_from_articles.csv,AGCon_Prot_sd_kg_kg_DM,(unmapped),(unmapped)
Summary_statistics_data_from_articles.csv,AGCon_Prot_SE_kg_kg_DM,(unmapped),(unmapped)
Summary_statistics_data_from_articles.csv,AGCon_Prot_LSD_kg_kg_DM,(unmapped),(unmapped)
Summary_statistics_data_from_articles.csv,AGCon_N_mean_kg_kg_DM,(unmapped),(unmapped)
Summary_statistics_data_from_articles.csv,AGCon_N_sd_kg_kg_DM,(unmapped),(unmapped)
Summary_statistics_data_from_articles.csv,AGCon_N_SE_kg_kg_DM,(unmapped),(unmapped)
Summary_statistics_data_from_articles.csv,AGCon_N_LSD_kg_kg_DM,(unmapped),(unmapped)
Summary_statistics_data_from_articles.csv,AGCon_P_mean_kg_kg_DM,(unmapped),(unmapped)
Summary_statistics_data_from_articles.csv,AGCon_P_sd_kg_kg_DM,(unmapped),(unmapped)
Summary_statistics_data_from_articles.csv,AGCon_P_SE_kg_kg_DM,(unmapped),(unmapped)
Summary_statistics_data_from_articles.csv,AGCon_P_LSD_kg_kg_DM,(unmapped),(unmapped)
Summary_statistics_data_from_articles.csv,AGCon_K_mean_kg_kg_DM,(unmapped),(unmapped)
Summary_statistics_data_from_articles.csv,AGCon_K_sd_kg_kg_DM,(unmapped),(unmapped)
Summary_statistics_data_from_articles.csv,AGCon_K_SE_kg_kg_DM,(unmapped),(unmapped)
Summary_statistics_data_from_articles.csv,AGCon_K_LSD_kg_kg_DM,(unmapped),(unmapped)
Summary_statistics_data_from_articles.csv,AGCon_S_mean_kg_kg_DM,(unmapped),(unmapped)
Summary_statistics_data_from_articles.csv,AGCon_S_sd_kg_kg_DM,(unmapped),(unmapped)
Summary_statistics_data_from_articles.csv,AGCon_S_SE_kg_kg_DM,(unmapped),(unmapped)
Summary_statistics_data_from_articles.csv,AGCon_S_LSD_kg_kg_DM,(unmapped),(unmapped)
Summary_statistics_data_from_articles.csv,AGCon_Ca_mean_kg_kg_DM,(unmapped),(unmapped)
Summary_statistics_data_from_articles.csv,AGCon_Ca_sd_kg_kg_DM,(unmapped),(unmapped)
Summary_statistics_data_from_articles.csv,AGCon_Ca_SE_kg_kg_DM,(unmapped),(unmapped)
Summary_statistics_data_from_articles.csv,AGCon_Ca_LSD_kg_kg_DM,(unmapped),(unmapped)
Summary_statistics_data_from_articles.csv,AGCon_Mg_mean_kg_kg_DM,(unmapped),(unmapped)
Summary_statistics_data_from_articles.csv,AGCon_Mg_sd_kg_kg_DM,(unmapped),(unmapped)
Summary_statistics_data_from_articles.csv,AGCon_Mg_SE_kg_kg_DM,(unmapped),(unmapped)
Summary_statistics_data_from_articles.csv,AGCon_Mg_LSD_kg_kg_DM,(unmapped),(unmapped)
Summary_statistics_data_from_articles.csv,AGCon_B_mean_kg_kg_DM,(unmapped),(unmapped)
Summary_statistics_data_from_articles.csv,AGCon_B_sd_kg_kg_DM,(unmapped),(unmapped)
Summary_statistics_data_from_articles.csv,AGCon_B_SE_kg_kg_DM,(unmapped),(unmapped)
Summary_statistics_data_from_articles.csv,AGCon_B_LSD_kg_kg_DM,(unmapped),(unmapped)
Summary_statistics_data_from_articles.csv,AGCon_Cl_mean_kg_kg_DM,(unmapped),(unmapped)
Summary_statistics_data_from_articles.csv,AGCon_Cl_sd_kg_kg_DM,(unmapped),(unmapped)
Summary_statistics_data_from_articles.csv,AGCon_Cl_SE_kg_kg_DM,(unmapped),(unmapped)
Summary_statistics_data_from_articles.csv,AGCon_Cl_LSD_kg_kg_DM,(unmapped),(unmapped)
Summary_statistics_data_from_articles.csv,AGCon_Cu_mean_kg_kg_DM,(unmapped),(unmapped)
Summary_statistics_data_from_articles.csv,AGCon_Cu_sd_kg_kg_DM,(unmapped),(unmapped)
Summary_statistics_data_from_articles.csv,AGCon_Cu_SE_kg_kg_DM,(unmapped),(unmapped)
Summary_statistics_data_from_articles.csv,AGCon_Cu_LSD_kg_kg_DM,(unmapped),(unmapped)
Summary_statistics_data_from_articles.csv,AGCon_Fe_mean_kg_kg_DM,(unmapped),(unmapped)
Summary_statistics_data_from_articles.csv,AGCon_Fe_sd_kg_kg_DM,(unmapped),(unmapped)
Summary_statistics_data_from_articles.csv,AGCon_Fe_SE_kg_kg_DM,(unmapped),(unmapped)
Summary_statistics_data_from_articles.csv,AGCon_Fe_LSD_kg_kg_DM,(unmapped),(unmapped)
Summary_statistics_data_from_articles.csv,AGCon_Mn_mean_kg_kg_DM,(unmapped),(unmapped)
Summary_statistics_data_from_articles.csv,AGCon_Mn_sd_kg_kg_DM,(unmapped),(unmapped)
Summary_statistics_data_from_articles.csv,AGCon_Mn_SE_kg_kg_DM,(unmapped),(unmapped)
Summary_statistics_data_from_articles.csv,AGCon_Mn_LSD_kg_kg_DM,(unmapped),(unmapped)
Summary_statistics_data_from_articles.csv,AGCon_Mo_mean_kg_kg_DM,(unmapped),(unmapped)
Summary_statistics_data_from_articles.csv,AGCon_Mo_sd_kg_kg_DM,(unmapped),(unmapped)
Summary_statistics_data_from_articles.csv,AGCon_Mo_SE_kg_kg_DM,(unmapped),(unmapped)
Summary_statistics_data_from_articles.csv,AGCon_Mo_LSD_kg_kg_DM,(unmapped),(unmapped)
Summary_statistics_data_from_articles.csv,AGCon_Zn_mean_kg_kg_DM,(unmapped),(unmapped)
Summary_statistics_data_from_articles.csv,AGCon_Zn_sd_kg_kg_DM,(unmapped),(unmapped)
Summary_statistics_data_from_articles.csv,AGCon_Zn_SE_kg_kg_DM,(unmapped),(unmapped)
Summary_statistics_data_from_articles.csv,AGCon_Zn_LSD_kg_kg_DM,(unmapped),(unmapped)
Summary_statistics_data_from_articles.csv,CP_Up_N_mean_kg_ha,(unmapped),(unmapped)
Summary_statistics_data_from_articles.csv,CP_Up_N_sd_kg_ha,(unmapped),(unmapped)
Summary_statistics_data_from_articles.csv,CP_Up_N_SE_kg_ha,(unmapped),(unmapped)
Summary_statistics_data_from_articles.csv,CP_Up_N_LSD_kg_ha,(unmapped),(unmapped)
Summary_statistics_data_from_articles.csv,CP_Up_P_mean_kg_ha,(unmapped),(unmapped)
Summary_statistics_data_from_articles.csv,CP_Up_P_sd_kg_ha,(unmapped),(unmapped)
Summary_statistics_data_from_articles.csv,CP_Up_P_SE_kg_ha,(unmapped),(unmapped)
Summary_statistics_data_from_articles.csv,CP_Up_P_LSD_kg_ha,(unmapped),(unmapped)
Summary_statistics_data_from_articles.csv,CP_Up_K_mean_kg_ha,(unmapped),(unmapped)
Summary_statistics_data_from_articles.csv,CP_Up_K_sd_kg_ha,(unmapped),(unmapped)
Summary_statistics_data_from_articles.csv,CP_Up_K_SE_kg_ha,(unmapped),(unmapped)
Summary_statistics_data_from_articles.csv,CP_Up_K_LSD_kg_ha,(unmapped),(unmapped)
Summary_statistics_data_from_articles.csv,CP_Up_S_mean_kg_ha,(unmapped),(unmapped)
Summary_statistics_data_from_articles.csv,CP_Up_S_sd_kg_ha,(unmapped),(unmapped)
Summary_statistics_data_from_articles.csv,CP_Up_S_SE_kg_ha,(unmapped),(unmapped)
Summary_statistics_data_from_articles.csv,CP_Up_S_LSD_kg_ha,(unmapped),(unmapped)
Summary_statistics_data_from_articles.csv,CP_Up_Ca_mean_kg_ha,(unmapped),(unmapped)
Summary_statistics_data_from_articles.csv,CP_Up_Ca_sd_kg_ha,(unmapped),(unmapped)
Summary_statistics_data_from_articles.csv,CP_Up_Ca_SE_kg_ha,(unmapped),(unmapped)
Summary_statistics_data_from_articles.csv,CP_Up_Ca_LSD_kg_ha,(unmapped),(unmapped)
Summary_statistics_data_from_articles.csv,CP_Up_Mg_mean_kg_ha,(unmapped),(unmapped)
Summary_statistics_data_from_articles.csv,CP_Up_Mg_sd_kg_ha,(unmapped),(unmapped)
Summary_statistics_data_from_articles.csv,CP_Up_Mg_SE_kg_ha,(unmapped),(unmapped)
Summary_statistics_data_from_articles.csv,CP_Up_Mg_LSD_kg_ha,(unmapped),(unmapped)
Summary_statistics_data_from_articles.csv,CP_Up_B_mean_kg_ha,(unmapped),(unmapped)
Summary_statistics_data_from_articles.csv,CP_Up_B_sd_kg_ha,(unmapped),(unmapped)
Summary_statistics_data_from_articles.csv,CP_Up_B_SE_kg_ha,(unmapped),(unmapped)
Summary_statistics_data_from_articles.csv,CP_Up_B_LSD_kg_ha,(unmapped),(unmapped)
Summary_statistics_data_from_articles.csv,CP_Up_Cl_mean_kg_ha,(unmapped),(unmapped)
Summary_statistics_data_from_articles.csv,CP_Up_Cl_sd_kg_ha,(unmapped),(unmapped)
Summary_statistics_data_from_articles.csv,CP_Up_Cl_SE_kg_ha,(unmapped),(unmapped)
Summary_statistics_data_from_articles.csv,CP_Up_Cl_LSD_kg_ha,(unmapped),(unmapped)
Summary_statistics_data_from_articles.csv,CP_Up_Cu_mean_kg_ha,(unmapped),(unmapped)
Summary_statistics_data_from_articles.csv,CP_Up_Cu_sd_kg_ha,(unmapped),(unmapped)
Summary_statistics_data_from_articles.csv,CP_Up_Cu_SE_kg_ha,(unmapped),(unmapped)
Summary_statistics_data_from_articles.csv,CP_Up_Cu_LSD_kg_ha,(unmapped),(unmapped)
Summary_statistics_data_from_articles.csv,CP_Up_Fe_mean_kg_ha,(unmapped),(unmapped)
Summary_statistics_data_from_articles.csv,CP_Up_Fe_sd_kg_ha,(unmapped),(unmapped)
Summary_statistics_data_from_articles.csv,CP_Up_Fe_SE_kg_ha,(unmapped),(unmapped)
Summary_statistics_data_from_articles.csv,CP_Up_Fe_LSD_kg_ha,(unmapped),(unmapped)
Summary_statistics_data_from_articles.csv,CP_Up_Mn_mean_kg_ha,(unmapped),(unmapped)
Summary_statistics_data_from_articles.csv,CP_Up_Mn_sd_kg_ha,(unmapped),(unmapped)
Summary_statistics_data_from_articles.csv,CP_Up_Mn_SE_kg_ha,(unmapped),(unmapped)
Summary_statistics_data_from_articles.csv,CP_Up_Mn_LSD_kg_ha,(unmapped),(unmapped)
Summary_statistics_data_from_articles.csv,CP_Up_Mo_mean_kg_ha,(unmapped),(unmapped)
Summary_statistics_data_from_articles.csv,CP_Up_Mo_sd_kg_ha,(unmapped),(unmapped)
Summary_statistics_data_from_articles.csv,CP_Up_Mo_SE_kg_ha,(unmapped),(unmapped)
Summary_statistics_data_from_articles.csv,CP_Up_Mo_LSD_kg_ha,(unmapped),(unmapped)
Summary_statistics_data_from_articles.csv,CP_Up_Zn_mean_kg_ha,(unmapped),(unmapped)
Summary_statistics_data_from_articles.csv,CP_Up_Zn_sd_kg_ha,(unmapped),(unmapped)
Summary_statistics_data_from_articles.csv,CP_Up_Zn_SE_kg_ha,(unmapped),(unmapped)
Summary_statistics_data_from_articles.csv,CP_Up_Zn_LSD_kg_ha,(unmapped),(unmapped)
Summary_statistics_data_from_articles.csv,CR_Up_N_mean_kg_ha,(unmapped),(unmapped)
Summary_statistics_data_from_articles.csv,CR_Up_N_sd_kg_ha,(unmapped),(unmapped)
Summary_statistics_data_from_articles.csv,CR_Up_N_SE_kg_ha,(unmapped),(unmapped)
Summary_statistics_data_from_articles.csv,CR_Up_N_LSD_kg_ha,(unmapped),(unmapped)
Summary_statistics_data_from_articles.csv,CR_Up_P_mean_kg_ha,(unmapped),(unmapped)
Summary_statistics_data_from_articles.csv,CR_Up_P_sd_kg_ha,(unmapped),(unmapped)
Summary_statistics_data_from_articles.csv,CR_Up_P_SE_kg_ha,(unmapped),(unmapped)
Summary_statistics_data_from_articles.csv,CR_Up_P_LSD_kg_ha,(unmapped),(unmapped)
Summary_statistics_data_from_articles.csv,CR_Up_K_mean_kg_ha,(unmapped),(unmapped)
Summary_statistics_data_from_articles.csv,CR_Up_K_sd_kg_ha,(unmapped),(unmapped)
Summary_statistics_data_from_articles.csv,CR_Up_K_SE_kg_ha,(unmapped),(unmapped)
Summary_statistics_data_from_articles.csv,CR_Up_K_LSD_kg_ha,(unmapped),(unmapped)
Summary_statistics_data_from_articles.csv,CR_Up_S_mean_kg_ha,(unmapped),(unmapped)
Summary_statistics_data_from_articles.csv,CR_Up_S_sd_kg_ha,(unmapped),(unmapped)
Summary_statistics_data_from_articles.csv,CR_Up_S_SE_kg_ha,(unmapped),(unmapped)
Summary_statistics_data_from_articles.csv,CR_Up_S_LSD_kg_ha,(unmapped),(unmapped)
Summary_statistics_data_from_articles.csv,CR_Up_Ca_mean_kg_ha,(unmapped),(unmapped)
Summary_statistics_data_from_articles.csv,CR_Up_Ca_sd_kg_ha,(unmapped),(unmapped)
Summary_statistics_data_from_articles.csv,CR_Up_Ca_SE_kg_ha,(unmapped),(unmapped)
Summary_statistics_data_from_articles.csv,CR_Up_Ca_LSD_kg_ha,(unmapped),(unmapped)
Summary_statistics_data_from_articles.csv,CR_Up_Mg_mean_kg_ha,(unmapped),(unmapped)
Summary_statistics_data_from_articles.csv,CR_Up_Mg_sd_kg_ha,(unmapped),(unmapped)
Summary_statistics_data_from_articles.csv,CR_Up_Mg_SE_kg_ha,(unmapped),(unmapped)
Summary_statistics_data_from_articles.csv,CR_Up_Mg_LSD_kg_ha,(unmapped),(unmapped)
Summary_statistics_data_from_articles.csv,CR_Up_B_mean_kg_ha,(unmapped),(unmapped)
Summary_statistics_data_from_articles.csv,CR_Up_B_sd_kg_ha,(unmapped),(unmapped)
Summary_statistics_data_from_articles.csv,CR_Up_B_SE_kg_ha,(unmapped),(unmapped)
Summary_statistics_data_from_articles.csv,CR_Up_B_LSD_kg_ha,(unmapped),(unmapped)
Summary_statistics_data_from_articles.csv,CR_Up_Cl_mean_kg_ha,(unmapped),(unmapped)
Summary_statistics_data_from_articles.csv,CR_Up_Cl_sd_kg_ha,(unmapped),(unmapped)
Summary_statistics_data_from_articles.csv,CR_Up_Cl_SE_kg_ha,(unmapped),(unmapped)
Summary_statistics_data_from_articles.csv,CR_Up_Cl_LSD_kg_ha,(unmapped),(unmapped)
Summary_statistics_data_from_articles.csv,CR_Up_Cu_mean_kg_ha,(unmapped),(unmapped)
Summary_statistics_data_from_articles.csv,CR_Up_Cu_sd_kg_ha,(unmapped),(unmapped)
Summary_statistics_data_from_articles.csv,CR_Up_Cu_SE_kg_ha,(unmapped),(unmapped)
Summary_statistics_data_from_articles.csv,CR_Up_Cu_LSD_kg_ha,(unmapped),(unmapped)
Summary_statistics_data_from_articles.csv,CR_Up_Fe_mean_kg_ha,(unmapped),(unmapped)
Summary_statistics_data_from_articles.csv,CR_Up_Fe_sd_kg_ha,(unmapped),(unmapped)
Summary_statistics_data_from_articles.csv,CR_Up_Fe_SE_kg_ha,(unmapped),(unmapped)
Summary_statistics_data_from_articles.csv,CR_Up_Fe_LSD_kg_ha,(unmapped),(unmapped)
Summary_statistics_data_from_articles.csv,CR_Up_Mn_mean_kg_ha,(unmapped),(unmapped)
Summary_statistics_data_from_articles.csv,CR_Up_Mn_sd_kg_ha,(unmapped),(unmapped)
Summary_statistics_data_from_articles.csv,CR_Up_Mn_SE_kg_ha,(unmapped),(unmapped)
Summary_statistics_data_from_articles.csv,CR_Up_Mn_LSD_kg_ha,(unmapped),(unmapped)
Summary_statistics_data_from_articles.csv,CR_Up_Mo_mean_kg_ha,(unmapped),(unmapped)
Summary_statistics_data_from_articles.csv,CR_Up_Mo_sd_kg_ha,(unmapped),(unmapped)
Summary_statistics_data_from_articles.csv,CR_Up_Mo_SE_kg_ha,(unmapped),(unmapped)
Summary_statistics_data_from_articles.csv,CR_Up_Mo_LSD_kg_ha,(unmapped),(unmapped)
Summary_statistics_data_from_articles.csv,CR_Up_Zn_mean_kg_ha,(unmapped),(unmapped)
Summary_statistics_data_from_articles.csv,CR_Up_Zn_sd_kg_ha,(unmapped),(unmapped)
Summary_statistics_data_from_articles.csv,CR_Up_Zn_SE_kg_ha,(unmapped),(unmapped)
Summary_statistics_data_from_articles.csv,CR_Up_Zn_LSD_kg_ha,(unmapped),(unmapped)
Summary_statistics_data_from_articles.csv,CPCon_Prot_method_Name_nutrient_test,(unmapped),(unmapped)
Summary_statistics_data_from_articles.csv,CPCon_N_method_Name_nutrient_test,(unmapped),(unmapped)
Summary_statistics_data_from_articles.csv,CPCon_P_method_Name_nutrient_test,(unmapped),(unmapped)
Summary_statistics_data_from_articles.csv,CPCon_K_method_Name_nutrient_test,(unmapped),(unmapped)
Summary_statistics_data_from_articles.csv,CPCon_S_method_Name_nutrient_test,(unmapped),(unmapped)
Summary_statistics_data_from_articles.csv,CPCon_Ca_method_Name_nutrient_test,(unmapped),(unmapped)
Summary_statistics_data_from_articles.csv,CPCon_Mg_method_Name_nutrient_test,(unmapped),(unmapped)
Summary_statistics_data_from_articles.csv,CPCon_B_method_Name_nutrient_test,(unmapped),(unmapped)
Summary_statistics_data_from_articles.csv,CPCon_Cl_method_Name_nutrient_test,(unmapped),(unmapped)
Summary_statistics_data_from_articles.csv,CPCon_Cu_method_Name_nutrient_test,(unmapped),(unmapped)
Summary_statistics_data_from_articles.csv,CPCon_Fe_method_Name_nutrient_test,(unmapped),(unmapped)
Summary_statistics_data_from_articles.csv,CPCon_Mn_method_Name_nutrient_test,(unmapped),(unmapped)
Summary_statistics_data_from_articles.csv,CPCon_Mo_method_Name_nutrient_test,(unmapped),(unmapped)
Summary_statistics_data_from_articles.csv,CPCon_Zn_method_Name_nutrient_test,(unmapped),(unmapped)
Summary_statistics_data_from_articles.csv,CRCon_Prot_method_Name_nutrient_test,(unmapped),(unmapped)
Summary_statistics_data_from_articles.csv,CRCon_N_method_Name_nutrient_test,(unmapped),(unmapped)
Summary_statistics_data_from_articles.csv,CRCon_P_method_Name_nutrient_test,(unmapped),(unmapped)
Summary_statistics_data_from_articles.csv,CRCon_K_method_Name_nutrient_test,(unmapped),(unmapped)
Summary_statistics_data_from_articles.csv,CRCon_S_method_Name_nutrient_test,(unmapped),(unmapped)
Summary_statistics_data_from_articles.csv,CRCon_Ca_method_Name_nutrient_test,(unmapped),(unmapped)
Summary_statistics_data_from_articles.csv,CRCon_Mg_method_Name_nutrient_test,(unmapped),(unmapped)
Summary_statistics_data_from_articles.csv,CRCon_B_method_Name_nutrient_test,(unmapped),(unmapped)
Summary_statistics_data_from_articles.csv,CRCon_Cl_method_Name_nutrient_test,(unmapped),(unmapped)
Summary_statistics_data_from_articles.csv,CRCon_Cu_method_Name_nutrient_test,(unmapped),(unmapped)
Summary_statistics_data_from_articles.csv,CRCon_Fe_method_Name_nutrient_test,(unmapped),(unmapped)
Summary_statistics_data_from_articles.csv,CRCon_Mn_method_Name_nutrient_test,(unmapped),(unmapped)
Summary_statistics_data_from_articles.csv,CRCon_Mo_method_Name_nutrient_test,(unmapped),(unmapped)
Summary_statistics_data_from_articles.csv,CRCon_Zn_method_Name_nutrient_test,(unmapped),(unmapped)
Summary_statistics_data_from_articles.csv,CP+CR_Up_N_mean_kg_ha,(unmapped),(unmapped)
SUN_a_2022_properties.xlsx,Treatment,Treatment,F. Fertilizer Information
SUN_a_2022_properties.xlsx,SOC,(unmapped),(unmapped)
SUN_a_2022_properties.xlsx,TN,(unmapped),(unmapped)
SUN_a_2022_properties.xlsx,AP,(unmapped),(unmapped)
SUN_a_2022_properties.xlsx,AK,(unmapped),(unmapped)
SUN_a_2022_properties.xlsx,NO3--N,(unmapped),(unmapped)
SUN_a_2022_properties.xlsx,NH4+-N,(unmapped),(unmapped)
SUN_a_2022_properties.xlsx,MBC,(unmapped),(unmapped)
SUN_a_2022_properties.xlsx,MBN,(unmapped),(unmapped)
SUN_a_2022_properties.xlsx,pH,Soil_pH,E. Soil Properties
SUN_a_2022_properties.xlsx,Yield,Yield_per_Plot,H. Yield Parameters
SUN_b_2022_enzyme_activities.xlsx,Treatment,Treatment,F. Fertilizer Information
SUN_b_2022_enzyme_activities.xlsx,PER,(unmapped),(unmapped)
SUN_b_2022_enzyme_activities.xlsx,PPO,Polyphenol_Oxidase,P. Soil Enzyme Activity
SUN_b_2022_enzyme_activities.xlsx,AG,(unmapped),(unmapped)
SUN_b_2022_enzyme_activities.xlsx,BG,(unmapped),(unmapped)
SUN_b_2022_enzyme_activities.xlsx,CB,(unmapped),(unmapped)
SUN_b_2022_enzyme_activities.xlsx,BX,(unmapped),(unmapped)
SUN_b_2022_enzyme_activities.xlsx,NAG,N_Acetyl_Glucosaminidase,P. Soil Enzyme Activity
SUN_b_2022_enzyme_activities.xlsx,LAP,Leucine_Aminopeptidase,P. Soil Enzyme Activity
SUN_c_2022_PLFAs.xlsx,Treatment,Treatment,F. Fertilizer Information
SUN_c_2022_PLFAs.xlsx,Gram-positive,(unmapped),(unmapped)
SUN_c_2022_PLFAs.xlsx,Gram-negative,(unmapped),(unmapped)
SUN_c_2022_PLFAs.xlsx,Fungal,(unmapped),(unmapped)
SUN_c_2022_PLFAs.xlsx,Bacterial,(unmapped),(unmapped)
SUN_c_2022_PLFAs.xlsx,Antinomyecetes,(unmapped),(unmapped)
SUN_c_2022_PLFAs.xlsx,Total PLFAs,(unmapped),(unmapped)
SUN_d_2022_bacterial_.xlsx,Treatment,Treatment,F. Fertilizer Information
SUN_d_2022_bacterial_.xlsx,Gemmatimonadota,(unmapped),(unmapped)
SUN_d_2022_bacterial_.xlsx,Patescibacteria,(unmapped),(unmapped)
SUN_d_2022_bacterial_.xlsx,Bacteroidota,(unmapped),(unmapped)
SUN_d_2022_bacterial_.xlsx,Actinobacteriota,(unmapped),(unmapped)
SUN_d_2022_bacterial_.xlsx,Bdellovibrionota,(unmapped),(unmapped)
SUN_d_2022_bacterial_.xlsx,Campilobacterota,(unmapped),(unmapped)
SUN_d_2022_bacterial_.xlsx,Latescibacterota,(unmapped),(unmapped)
SUN_d_2022_bacterial_.xlsx,Planctomycetota,(unmapped),(unmapped)
SUN_d_2022_bacterial_.xlsx,Desulfobacterota,(unmapped),(unmapped)
SUN_d_2022_bacterial_.xlsx,Firmicutes,(unmapped),(unmapped)
SUN_d_2022_bacterial_.xlsx,Proteobacteria,(unmapped),(unmapped)
SUN_d_2022_bacterial_.xlsx,Myxococcota,(unmapped),(unmapped)
SUN_d_2022_bacterial_.xlsx,Chloroflexi,(unmapped),(unmapped)
SUN_d_2022_bacterial_.xlsx,Acidobacteriota,(unmapped),(unmapped)
SUN_d_2022_bacterial_.xlsx,Verrucomicrobiota,(unmapped),(unmapped)
SUN_d_2022_bacterial_.xlsx,Nitrospirota,(unmapped),(unmapped)
SUN_e_2022_fungal.xlsx,Treatment,Treatment,F. Fertilizer Information
SUN_e_2022_fungal.xlsx,unidentified,(unmapped),(unmapped)
SUN_e_2022_fungal.xlsx,Chytridiomycota,(unmapped),(unmapped)
SUN_e_2022_fungal.xlsx,Mortierellomycota,(unmapped),(unmapped)
SUN_e_2022_fungal.xlsx,Glomeromycota,(unmapped),(unmapped)
SUN_e_2022_fungal.xlsx,Neocallimastigomycota,(unmapped),(unmapped)
SUN_e_2022_fungal.xlsx,Basidiobolomycota,(unmapped),(unmapped)
SUN_e_2022_fungal.xlsx,Zoopagomycota,(unmapped),(unmapped)
SUN_e_2022_fungal.xlsx,Mucoromycota,(unmapped),(unmapped)
SUN_e_2022_fungal.xlsx,Monoblepharomycota,(unmapped),(unmapped)
SUN_e_2022_fungal.xlsx,GS01,(unmapped),(unmapped)
SUN_e_2022_fungal.xlsx,Ascomycota,(unmapped),(unmapped)
SUN_e_2022_fungal.xlsx,Rozellomycota,(unmapped),(unmapped)
SUN_e_2022_fungal.xlsx,Entorrhizomycota,(unmapped),(unmapped)
Treatment_Details_Dryad.csv,Treatment_Code,(unmapped),(unmapped)
Treatment_Details_Dryad.csv,Description,(unmapped),(unmapped)
Universal_Agricultural_Machine_Learning_Schema_v1.0.xlsx,Study_ID,(unmapped),(unmapped)
Universal_Agricultural_Machine_Learning_Schema_v1.0.xlsx,Paper_ID,Paper_ID,A. Paper Metadata
Universal_Agricultural_Machine_Learning_Schema_v1.0.xlsx,DOI,DOI,A. Paper Metadata
Universal_Agricultural_Machine_Learning_Schema_v1.0.xlsx,Reference,(unmapped),(unmapped)
Universal_Agricultural_Machine_Learning_Schema_v1.0.xlsx,Institution,Institution,A. Paper Metadata
Universal_Agricultural_Machine_Learning_Schema_v1.0.xlsx,Country,Country,A. Paper Metadata
Universal_Agricultural_Machine_Learning_Schema_v1.0.xlsx,Year,Year,A. Paper Metadata
WEO_archival_12Nov2025.xlsx,sampleID,(unmapped),(unmapped)
WEO_archival_12Nov2025.xlsx,rep,Replications,C. Experimental Design
WEO_archival_12Nov2025.xlsx,plot,(unmapped),(unmapped)
WEO_archival_12Nov2025.xlsx,trt_combo,(unmapped),(unmapped)
WEO_archival_12Nov2025.xlsx,trt,(unmapped),(unmapped)
WEO_archival_12Nov2025.xlsx,subtrt,(unmapped),(unmapped)
WEO_archival_12Nov2025.xlsx,subplot,(unmapped),(unmapped)
WEO_archival_12Nov2025.xlsx,timepoint,(unmapped),(unmapped)
WEO_archival_12Nov2025.xlsx,biomass,(unmapped),(unmapped)
WEO_archival_12Nov2025.xlsx,weeds,(unmapped),(unmapped)
WEO_archival_12Nov2025.xlsx,pH,Soil_pH,E. Soil Properties
WEO_archival_12Nov2025.xlsx,salts,(unmapped),(unmapped)
WEO_archival_12Nov2025.xlsx,SOM,(unmapped),(unmapped)
WEO_archival_12Nov2025.xlsx,P,Phosphorus,E. Soil Properties
WEO_archival_12Nov2025.xlsx,K,Potassium,E. Soil Properties
WEO_archival_12Nov2025.xlsx,S,Sulphur,E. Soil Properties
WEO_archival_12Nov2025.xlsx,Zn,Zinc,E. Soil Properties
WEO_archival_12Nov2025.xlsx,Fe,Iron,E. Soil Properties
WEO_archival_12Nov2025.xlsx,Mn,Manganese,E. Soil Properties
WEO_archival_12Nov2025.xlsx,Cu,Copper,E. Soil Properties
WEO_archival_12Nov2025.xlsx,Ca,Calcium,E. Soil Properties
WEO_archival_12Nov2025.xlsx,Mg,Magnesium,E. Soil Properties
WEO_archival_12Nov2025.xlsx,Na,(unmapped),(unmapped)
WEO_archival_12Nov2025.xlsx,CEC,(unmapped),(unmapped)
WEO_archival_12Nov2025.xlsx,H_sat,(unmapped),(unmapped)
WEO_archival_12Nov2025.xlsx,K_sat,(unmapped),(unmapped)
WEO_archival_12Nov2025.xlsx,Ca_sat,(unmapped),(unmapped)
WEO_archival_12Nov2025.xlsx,Mg_sat,(unmapped),(unmapped)
WEO_archival_12Nov2025.xlsx,Na_sat,(unmapped),(unmapped)
WEO_archival_12Nov2025.xlsx,WENO3,(unmapped),(unmapped)
WEO_archival_12Nov2025.xlsx,WEOC,(unmapped),(unmapped)
WEO_archival_12Nov2025.xlsx,WEON,(unmapped),(unmapped)
WEO_archival_12Nov2025.xlsx,WEOCN,(unmapped),(unmapped)
WEO_archival_12Nov2025.xlsx,WENH4,(unmapped),(unmapped)
WEO_archival_12Nov2025.xlsx,resp,(unmapped),(unmapped)
WEO_archival_12Nov2025.xlsx,agg_stab,(unmapped),(unmapped)
WEO_archival_12Nov2025.xlsx,WETN,(unmapped),(unmapped)
WEO_archival_12Nov2025.xlsx,SHI,(unmapped),(unmapped)
WEO_archival_12Nov2025.xlsx,MAC,(unmapped),(unmapped)
WEO_archival_12Nov2025.xlsx,N_credit,(unmapped),(unmapped)
WEO_archival_12Nov2025.xlsx,N_res,(unmapped),(unmapped)
WEO_archival_12Nov2025.xlsx,BD,(unmapped),(unmapped)
WEO_archival_12Nov2025.xlsx,DOC,(unmapped),(unmapped)
WEO_archival_12Nov2025.xlsx,DON,(unmapped),(unmapped)
WEO_archival_12Nov2025.xlsx,MBC,(unmapped),(unmapped)
WEO_archival_12Nov2025.xlsx,MBN,(unmapped),(unmapped)
WEO_archival_12Nov2025.xlsx,moist_perc,(unmapped),(unmapped)
WEO_archival_12Nov2025.xlsx,infil,(unmapped),(unmapped)
